cc_name,year,cc_perm_resident_count
ALAMEDA,2004,1124.0
ALAMEDA,2005,1075.0
ALAMEDA,2006,1137.0
ALAMEDA,2007,1244.0
ALAMEDA,2008,1089.0
ALAMEDA,2009,1139.0
ALAMEDA,2010,980.0
ALAMEDA,2011,999.0
ALAMEDA,2012,926.0
ALAMEDA,2013,858.0
ALAMEDA,2014,313.0
ALAMEDA,2015,173.0
ALAMEDA,2016,141.0
ALAMEDA,2017,270.0
ALAMEDA,2018,449.0
ALAMEDA,2019,801.0
ALAMEDA,2020,743.0
ALAMEDA,2021,633.0
ALAMEDA,2022,594.0
ALAMEDA,2023,592.0
ALAMEDA,2024,575.0
ALLAN HANCOCK,2004,609.0
ALLAN HANCOCK,2005,744.0
ALLAN HANCOCK,2006,1054.0
ALLAN HANCOCK,2007,860.0
ALLAN HANCOCK,2008,1423.0
ALLAN HANCOCK,2009,1269.0
ALLAN HANCOCK,2010,1150.0
ALLAN HANCOCK,2011,996.0
ALLAN HANCOCK,2012,1002.0
ALLAN HANCOCK,2013,989.0
ALLAN HANCOCK,2014,991.0
ALLAN HANCOCK,2015,909.0
ALLAN HANCOCK,2016,845.0
ALLAN HANCOCK,2017,860.0
ALLAN HANCOCK,2018,767.0
ALLAN HANCOCK,2019,665.0
ALLAN HANCOCK,2020,523.0
ALLAN HANCOCK,2021,618.0
ALLAN HANCOCK,2022,498.0
ALLAN HANCOCK,2023,430.0
ALLAN HANCOCK,2024,358.0
AMERICAN RIVER,2004,260.0
AMERICAN RIVER,2005,295.0
AMERICAN RIVER,2006,375.0
AMERICAN RIVER,2007,421.0
AMERICAN RIVER,2008,3356.0
AMERICAN RIVER,2009,3522.0
AMERICAN RIVER,2010,3418.0
AMERICAN RIVER,2011,3140.0
AMERICAN RIVER,2012,3136.0
AMERICAN RIVER,2013,2900.0
AMERICAN RIVER,2014,2738.0
AMERICAN RIVER,2015,2799.0
AMERICAN RIVER,2016,2703.0
AMERICAN RIVER,2017,2717.0
AMERICAN RIVER,2018,2804.0
AMERICAN RIVER,2019,2904.0
AMERICAN RIVER,2020,2717.0
AMERICAN RIVER,2021,2497.0
AMERICAN RIVER,2022,2188.0
AMERICAN RIVER,2023,2092.0
AMERICAN RIVER,2024,2091.0
ANTELOPE VALLEY,2004,77.0
ANTELOPE VALLEY,2005,123.0
ANTELOPE VALLEY,2006,171.0
ANTELOPE VALLEY,2007,210.0
ANTELOPE VALLEY,2008,758.0
ANTELOPE VALLEY,2009,736.0
ANTELOPE VALLEY,2010,675.0
ANTELOPE VALLEY,2011,579.0
ANTELOPE VALLEY,2012,521.0
ANTELOPE VALLEY,2013,543.0
ANTELOPE VALLEY,2014,547.0
ANTELOPE VALLEY,2015,533.0
ANTELOPE VALLEY,2016,508.0
ANTELOPE VALLEY,2017,488.0
ANTELOPE VALLEY,2018,483.0
ANTELOPE VALLEY,2019,475.0
ANTELOPE VALLEY,2020,328.0
ANTELOPE VALLEY,2021,306.0
ANTELOPE VALLEY,2022,295.0
ANTELOPE VALLEY,2023,286.0
ANTELOPE VALLEY,2024,295.0
BAKERSFIELD,2004,214.0
BAKERSFIELD,2005,244.0
BAKERSFIELD,2006,291.0
BAKERSFIELD,2007,352.0
BAKERSFIELD,2008,1281.0
BAKERSFIELD,2009,1196.0
BAKERSFIELD,2010,1143.0
BAKERSFIELD,2011,954.0
BAKERSFIELD,2012,901.0
BAKERSFIELD,2013,867.0
BAKERSFIELD,2014,853.0
BAKERSFIELD,2015,882.0
BAKERSFIELD,2016,881.0
BAKERSFIELD,2017,829.0
BAKERSFIELD,2018,882.0
BAKERSFIELD,2019,927.0
BAKERSFIELD,2020,810.0
BAKERSFIELD,2021,627.0
BAKERSFIELD,2022,592.0
BAKERSFIELD,2023,570.0
BAKERSFIELD,2024,532.0
BARSTOW,2006,9.0
BARSTOW,2007,11.0
BARSTOW,2008,134.0
BARSTOW,2009,131.0
BARSTOW,2010,83.0
BARSTOW,2011,67.0
BARSTOW,2012,115.0
BARSTOW,2013,93.0
BARSTOW,2014,108.0
BARSTOW,2015,88.0
BARSTOW,2016,95.0
BARSTOW,2017,78.0
BARSTOW,2018,77.0
BARSTOW,2019,82.0
BARSTOW,2020,82.0
BARSTOW,2021,72.0
BARSTOW,2022,86.0
BARSTOW,2023,93.0
BARSTOW,2024,72.0
BERKELEY CITY,2004,55.0
BERKELEY CITY,2005,67.0
BERKELEY CITY,2006,66.0
BERKELEY CITY,2007,88.0
BERKELEY CITY,2008,572.0
BERKELEY CITY,2009,653.0
BERKELEY CITY,2010,644.0
BERKELEY CITY,2011,593.0
BERKELEY CITY,2012,495.0
BERKELEY CITY,2013,550.0
BERKELEY CITY,2014,264.0
BERKELEY CITY,2015,167.0
BERKELEY CITY,2016,144.0
BERKELEY CITY,2017,242.0
BERKELEY CITY,2018,314.0
BERKELEY CITY,2019,505.0
BERKELEY CITY,2020,534.0
BERKELEY CITY,2021,479.0
BERKELEY CITY,2022,454.0
BERKELEY CITY,2023,435.0
BERKELEY CITY,2024,372.0
BUTTE,2004,15807.0
BUTTE,2005,15712.0
BUTTE,2006,15209.0
BUTTE,2007,14716.0
BUTTE,2008,361.0
BUTTE,2009,353.0
BUTTE,2010,319.0
BUTTE,2011,352.0
BUTTE,2012,225.0
BUTTE,2013,200.0
BUTTE,2014,208.0
BUTTE,2015,228.0
BUTTE,2016,230.0
BUTTE,2017,220.0
BUTTE,2018,214.0
BUTTE,2019,233.0
BUTTE,2020,149.0
BUTTE,2021,146.0
BUTTE,2022,121.0
BUTTE,2023,120.0
BUTTE,2024,126.0
CABRILLO,2004,68.0
CABRILLO,2005,93.0
CABRILLO,2006,74.0
CABRILLO,2007,97.0
CABRILLO,2008,12.0
CABRILLO,2009,9.0
CABRILLO,2010,2.0
CABRILLO,2011,4.0
CABRILLO,2012,4.0
CABRILLO,2013,4.0
CABRILLO,2014,4.0
CABRILLO,2015,7.0
CABRILLO,2016,4.0
CABRILLO,2017,7.0
CABRILLO,2018,580.0
CABRILLO,2019,519.0
CABRILLO,2020,407.0
CABRILLO,2021,387.0
CABRILLO,2022,352.0
CABRILLO,2023,374.0
CABRILLO,2024,372.0
CANADA,2004,75.0
CANADA,2005,90.0
CANADA,2006,90.0
CANADA,2007,144.0
CANADA,2008,1006.0
CANADA,2009,900.0
CANADA,2010,667.0
CANADA,2011,704.0
CANADA,2012,637.0
CANADA,2013,678.0
CANADA,2014,644.0
CANADA,2015,618.0
CANADA,2016,609.0
CANADA,2017,583.0
CANADA,2018,437.0
CANADA,2019,441.0
CANADA,2020,370.0
CANADA,2021,361.0
CANADA,2022,359.0
CANADA,2023,346.0
CANADA,2024,388.0
CANYONS,2004,43.0
CANYONS,2005,97.0
CANYONS,2006,169.0
CANYONS,2007,209.0
CANYONS,2008,48.0
CANYONS,2009,41.0
CANYONS,2010,25.0
CANYONS,2011,24.0
CANYONS,2012,31.0
CANYONS,2013,53.0
CANYONS,2014,78.0
CANYONS,2015,84.0
CANYONS,2016,92.0
CANYONS,2017,102.0
CANYONS,2018,649.0
CANYONS,2019,599.0
CANYONS,2020,553.0
CANYONS,2021,501.0
CANYONS,2022,445.0
CANYONS,2023,464.0
CANYONS,2024,406.0
CERRITOS,2004,2006.0
CERRITOS,2005,3485.0
CERRITOS,2006,4345.0
CERRITOS,2007,4125.0
CERRITOS,2008,22900.0
CERRITOS,2009,22212.0
CERRITOS,2010,22920.0
CERRITOS,2011,22373.0
CERRITOS,2012,39.0
CERRITOS,2013,54.0
CERRITOS,2014,153.0
CERRITOS,2015,187.0
CERRITOS,2016,175.0
CERRITOS,2017,190.0
CERRITOS,2018,1157.0
CERRITOS,2019,1251.0
CERRITOS,2020,1016.0
CERRITOS,2021,899.0
CERRITOS,2022,126.0
CERRITOS,2023,139.0
CERRITOS,2024,175.0
CERRO COSO,2004,5.0
CERRO COSO,2005,2.0
CERRO COSO,2006,28.0
CERRO COSO,2007,72.0
CERRO COSO,2008,5555.0
CERRO COSO,2009,6009.0
CERRO COSO,2010,6234.0
CERRO COSO,2011,5396.0
CERRO COSO,2012,2.0
CERRO COSO,2013,6.0
CERRO COSO,2014,9.0
CERRO COSO,2015,9.0
CERRO COSO,2016,14.0
CERRO COSO,2017,19.0
CERRO COSO,2018,134.0
CERRO COSO,2019,148.0
CERRO COSO,2020,122.0
CERRO COSO,2021,117.0
CERRO COSO,2022,108.0
CERRO COSO,2023,98.0
CERRO COSO,2024,109.0
CHABOT,2004,32.0
CHABOT,2005,8.0
CHABOT,2006,9.0
CHABOT,2007,18.0
CHABOT,2008,12918.0
CHABOT,2009,13455.0
CHABOT,2010,13116.0
CHABOT,2011,12006.0
CHABOT,2012,49.0
CHABOT,2013,76.0
CHABOT,2014,73.0
CHABOT,2015,104.0
CHABOT,2016,119.0
CHABOT,2017,117.0
CHABOT,2018,1281.0
CHABOT,2019,1276.0
CHABOT,2020,1072.0
CHABOT,2021,937.0
CHABOT,2022,817.0
CHABOT,2023,823.0
CHABOT,2024,831.0
CHAFFEY,2004,3.0
CHAFFEY,2005,3.0
CHAFFEY,2006,5.0
CHAFFEY,2007,5.0
CHAFFEY,2008,18762.0
CHAFFEY,2009,19900.0
CHAFFEY,2010,18228.0
CHAFFEY,2011,17822.0
CHAFFEY,2012,16753.0
CHAFFEY,2013,18233.0
CHAFFEY,2014,18457.0
CHAFFEY,2015,19867.0
CHAFFEY,2016,20777.0
CHAFFEY,2017,21195.0
CHAFFEY,2018,1120.0
CHAFFEY,2019,1099.0
CHAFFEY,2020,900.0
CHAFFEY,2021,794.0
CHAFFEY,2022,772.0
CHAFFEY,2023,673.0
CHAFFEY,2024,704.0
CITRUS,2004,109.0
CITRUS,2005,47.0
CITRUS,2006,34.0
CITRUS,2007,644.0
CITRUS,2008,14345.0
CITRUS,2009,13127.0
CITRUS,2010,12796.0
CITRUS,2011,11610.0
CITRUS,2012,10907.0
CITRUS,2013,12041.0
CITRUS,2014,11838.0
CITRUS,2015,12001.0
CITRUS,2016,11802.0
CITRUS,2017,12148.0
CITRUS,2018,53.0
CITRUS,2019,40.0
CITRUS,2020,30.0
CITRUS,2021,31.0
CITRUS,2022,304.0
CITRUS,2023,327.0
CITRUS,2024,284.0
CITY OF SAN FRANCISCO,2004,39.0
CITY OF SAN FRANCISCO,2005,41.0
CITY OF SAN FRANCISCO,2006,38.0
CITY OF SAN FRANCISCO,2007,47.0
CITY OF SAN FRANCISCO,2008,278.0
CITY OF SAN FRANCISCO,2009,270.0
CITY OF SAN FRANCISCO,2010,280.0
CITY OF SAN FRANCISCO,2011,282.0
CITY OF SAN FRANCISCO,2012,290.0
CITY OF SAN FRANCISCO,2013,251.0
CITY OF SAN FRANCISCO,2014,235.0
CITY OF SAN FRANCISCO,2015,198.0
CITY OF SAN FRANCISCO,2016,213.0
CITY OF SAN FRANCISCO,2017,248.0
CITY OF SAN FRANCISCO,2018,65.0
CITY OF SAN FRANCISCO,2019,48.0
CITY OF SAN FRANCISCO,2020,37.0
CITY OF SAN FRANCISCO,2021,26.0
CITY OF SAN FRANCISCO,2022,2451.0
CITY OF SAN FRANCISCO,2023,2524.0
CITY OF SAN FRANCISCO,2024,2393.0
CLOVIS,2006,1.0
CLOVIS,2007,1.0
CLOVIS,2008,2781.0
CLOVIS,2009,2702.0
CLOVIS,2010,2629.0
CLOVIS,2011,2497.0
CLOVIS,2012,2678.0
CLOVIS,2013,3122.0
CLOVIS,2014,2693.0
CLOVIS,2015,2706.0
CLOVIS,2016,3671.0
CLOVIS,2017,3691.0
CLOVIS,2018,1.0
CLOVIS,2022,24.0
CLOVIS,2023,31.0
CLOVIS,2024,31.0
COASTLINE,2004,3.0
COASTLINE,2005,3.0
COASTLINE,2006,2.0
COASTLINE,2007,3.0
COASTLINE,2008,4176.0
COASTLINE,2009,4492.0
COASTLINE,2010,3847.0
COASTLINE,2011,3288.0
COASTLINE,2012,10.0
COASTLINE,2013,14.0
COASTLINE,2014,17.0
COASTLINE,2015,15.0
COASTLINE,2016,23.0
COASTLINE,2017,34.0
COASTLINE,2018,26.0
COASTLINE,2019,36.0
COASTLINE,2020,29.0
COASTLINE,2021,24.0
COASTLINE,2022,392.0
COASTLINE,2023,465.0
COASTLINE,2024,512.0
COLUMBIA,2004,55.0
COLUMBIA,2005,25.0
COLUMBIA,2006,81.0
COLUMBIA,2007,79.0
COLUMBIA,2008,4537.0
COLUMBIA,2009,6265.0
COLUMBIA,2010,8206.0
COLUMBIA,2011,7594.0
COLUMBIA,2012,7561.0
COLUMBIA,2013,7787.0
COLUMBIA,2014,7728.0
COLUMBIA,2015,7461.0
COLUMBIA,2016,7559.0
COLUMBIA,2017,7451.0
COLUMBIA,2021,3.0
COLUMBIA,2022,11.0
COLUMBIA,2023,13.0
COLUMBIA,2024,19.0
COMPTON,2004,8570.0
COMPTON,2005,7390.0
COMPTON,2006,8106.0
COMPTON,2007,8660.0
COMPTON,2008,20.0
COMPTON,2009,22.0
COMPTON,2010,13.0
COMPTON,2011,8.0
COMPTON,2012,7016.0
COMPTON,2013,7190.0
COMPTON,2014,7087.0
COMPTON,2015,6892.0
COMPTON,2016,6930.0
COMPTON,2017,6836.0
COMPTON,2018,4.0
COMPTON,2019,2.0
COMPTON,2020,3.0
COMPTON,2021,2.0
COMPTON,2022,84.0
COMPTON,2023,91.0
COMPTON,2024,116.0
CONTRA COSTA,2004,7351.0
CONTRA COSTA,2005,6430.0
CONTRA COSTA,2006,7298.0
CONTRA COSTA,2007,7897.0
CONTRA COSTA,2008,2.0
CONTRA COSTA,2009,1.0
CONTRA COSTA,2010,1.0
CONTRA COSTA,2012,8.0
CONTRA COSTA,2013,28.0
CONTRA COSTA,2014,41.0
CONTRA COSTA,2015,55.0
CONTRA COSTA,2016,58.0
CONTRA COSTA,2017,57.0
CONTRA COSTA,2018,663.0
CONTRA COSTA,2019,638.0
CONTRA COSTA,2020,527.0
CONTRA COSTA,2021,481.0
CONTRA COSTA,2022,450.0
CONTRA COSTA,2023,463.0
CONTRA COSTA,2024,417.0
COPPER MOUNTAIN,2004,12.0
COPPER MOUNTAIN,2005,10.0
COPPER MOUNTAIN,2006,6.0
COPPER MOUNTAIN,2007,6.0
COPPER MOUNTAIN,2008,38.0
COPPER MOUNTAIN,2009,40.0
COPPER MOUNTAIN,2010,35.0
COPPER MOUNTAIN,2011,31.0
COPPER MOUNTAIN,2013,2.0
COPPER MOUNTAIN,2014,2.0
COPPER MOUNTAIN,2015,1.0
COPPER MOUNTAIN,2016,1.0
COPPER MOUNTAIN,2018,62.0
COPPER MOUNTAIN,2019,63.0
COPPER MOUNTAIN,2020,55.0
COPPER MOUNTAIN,2021,38.0
COPPER MOUNTAIN,2022,54.0
COPPER MOUNTAIN,2023,55.0
COPPER MOUNTAIN,2024,55.0
COSUMNES RIVER,2004,10.0
COSUMNES RIVER,2005,20.0
COSUMNES RIVER,2006,32.0
COSUMNES RIVER,2007,30.0
COSUMNES RIVER,2008,77.0
COSUMNES RIVER,2009,105.0
COSUMNES RIVER,2010,134.0
COSUMNES RIVER,2011,137.0
COSUMNES RIVER,2012,95.0
COSUMNES RIVER,2013,66.0
COSUMNES RIVER,2014,64.0
COSUMNES RIVER,2015,58.0
COSUMNES RIVER,2016,65.0
COSUMNES RIVER,2017,63.0
COSUMNES RIVER,2018,14421.0
COSUMNES RIVER,2019,14640.0
COSUMNES RIVER,2020,14913.0
COSUMNES RIVER,2021,14052.0
COSUMNES RIVER,2022,1304.0
COSUMNES RIVER,2023,1309.0
COSUMNES RIVER,2024,1281.0
CRAFTON HILLS,2004,2098.0
CRAFTON HILLS,2005,1380.0
CRAFTON HILLS,2006,956.0
CRAFTON HILLS,2007,772.0
CRAFTON HILLS,2008,900.0
CRAFTON HILLS,2009,924.0
CRAFTON HILLS,2010,704.0
CRAFTON HILLS,2011,677.0
CRAFTON HILLS,2012,7.0
CRAFTON HILLS,2013,6.0
CRAFTON HILLS,2014,4.0
CRAFTON HILLS,2015,1.0
CRAFTON HILLS,2016,2.0
CRAFTON HILLS,2017,5.0
CRAFTON HILLS,2018,6656.0
CRAFTON HILLS,2019,6839.0
CRAFTON HILLS,2020,6022.0
CRAFTON HILLS,2021,5304.0
CRAFTON HILLS,2022,92.0
CRAFTON HILLS,2023,101.0
CRAFTON HILLS,2024,108.0
CUESTA,2004,3.0
CUESTA,2005,4.0
CUESTA,2006,1.0
CUESTA,2007,2.0
CUESTA,2008,145.0
CUESTA,2009,147.0
CUESTA,2010,102.0
CUESTA,2011,117.0
CUESTA,2012,606.0
CUESTA,2013,594.0
CUESTA,2014,436.0
CUESTA,2015,322.0
CUESTA,2016,348.0
CUESTA,2017,326.0
CUESTA,2018,6380.0
CUESTA,2019,6578.0
CUESTA,2020,5812.0
CUESTA,2021,5116.0
CUESTA,2022,270.0
CUESTA,2023,220.0
CUESTA,2024,226.0
CUYAMACA,2004,158.0
CUYAMACA,2005,138.0
CUYAMACA,2006,142.0
CUYAMACA,2007,151.0
CUYAMACA,2008,361.0
CUYAMACA,2009,408.0
CUYAMACA,2010,450.0
CUYAMACA,2011,484.0
CUYAMACA,2012,848.0
CUYAMACA,2013,982.0
CUYAMACA,2014,1093.0
CUYAMACA,2015,1241.0
CUYAMACA,2016,1415.0
CUYAMACA,2017,1477.0
CUYAMACA,2018,11633.0
CUYAMACA,2019,11873.0
CUYAMACA,2020,10250.0
CUYAMACA,2021,10260.0
CUYAMACA,2022,1021.0
CUYAMACA,2023,993.0
CUYAMACA,2024,1036.0
CYPRESS,2004,1486.0
CYPRESS,2005,1347.0
CYPRESS,2006,1341.0
CYPRESS,2007,1343.0
CYPRESS,2008,26333.0
CYPRESS,2009,25418.0
CYPRESS,2010,23838.0
CYPRESS,2011,24320.0
CYPRESS,2012,515.0
CYPRESS,2013,570.0
CYPRESS,2014,575.0
CYPRESS,2015,544.0
CYPRESS,2016,508.0
CYPRESS,2017,518.0
CYPRESS,2018,6724.0
CYPRESS,2019,6733.0
CYPRESS,2020,6898.0
CYPRESS,2021,6387.0
CYPRESS,2022,761.0
CYPRESS,2023,734.0
CYPRESS,2024,710.0
DE ANZA,2004,3628.0
DE ANZA,2005,3533.0
DE ANZA,2006,3394.0
DE ANZA,2007,3502.0
DE ANZA,2008,11843.0
DE ANZA,2009,12481.0
DE ANZA,2010,12230.0
DE ANZA,2011,10484.0
DE ANZA,2012,79.0
DE ANZA,2013,73.0
DE ANZA,2014,92.0
DE ANZA,2015,118.0
DE ANZA,2016,178.0
DE ANZA,2017,180.0
DE ANZA,2018,13934.0
DE ANZA,2019,13942.0
DE ANZA,2020,13670.0
DE ANZA,2021,12345.0
DE ANZA,2022,1824.0
DE ANZA,2023,1803.0
DE ANZA,2024,1723.0
DESERT,2004,1010.0
DESERT,2005,927.0
DESERT,2006,907.0
DESERT,2007,934.0
DESERT,2008,140.0
DESERT,2009,131.0
DESERT,2010,168.0
DESERT,2011,238.0
DESERT,2012,515.0
DESERT,2013,534.0
DESERT,2014,523.0
DESERT,2015,530.0
DESERT,2016,567.0
DESERT,2017,568.0
DESERT,2018,14502.0
DESERT,2019,13971.0
DESERT,2020,14689.0
DESERT,2021,13546.0
DESERT,2022,394.0
DESERT,2023,335.0
DESERT,2024,323.0
DIABLO VALLEY,2004,1358.0
DIABLO VALLEY,2005,1427.0
DIABLO VALLEY,2006,1206.0
DIABLO VALLEY,2007,1134.0
DIABLO VALLEY,2008,1812.0
DIABLO VALLEY,2009,1769.0
DIABLO VALLEY,2010,1723.0
DIABLO VALLEY,2011,1759.0
DIABLO VALLEY,2012,1125.0
DIABLO VALLEY,2013,1178.0
DIABLO VALLEY,2014,1224.0
DIABLO VALLEY,2015,1196.0
DIABLO VALLEY,2016,1254.0
DIABLO VALLEY,2017,1322.0
DIABLO VALLEY,2018,11560.0
DIABLO VALLEY,2019,12136.0
DIABLO VALLEY,2020,10436.0
DIABLO VALLEY,2021,9701.0
DIABLO VALLEY,2022,966.0
DIABLO VALLEY,2023,917.0
DIABLO VALLEY,2024,908.0
EAST LOS ANGELES,2004,1406.0
EAST LOS ANGELES,2005,1514.0
EAST LOS ANGELES,2006,1522.0
EAST LOS ANGELES,2007,1661.0
EAST LOS ANGELES,2008,27430.0
EAST LOS ANGELES,2009,27307.0
EAST LOS ANGELES,2010,24777.0
EAST LOS ANGELES,2011,24499.0
EAST LOS ANGELES,2012,1839.0
EAST LOS ANGELES,2013,1855.0
EAST LOS ANGELES,2014,2000.0
EAST LOS ANGELES,2015,2182.0
EAST LOS ANGELES,2016,2689.0
EAST LOS ANGELES,2017,2532.0
EAST LOS ANGELES,2018,17343.0
EAST LOS ANGELES,2019,17147.0
EAST LOS ANGELES,2020,16551.0
EAST LOS ANGELES,2021,15396.0
EAST LOS ANGELES,2022,1114.0
EAST LOS ANGELES,2023,1007.0
EAST LOS ANGELES,2024,1008.0
EL CAMINO,2004,285.0
EL CAMINO,2005,509.0
EL CAMINO,2006,613.0
EL CAMINO,2007,680.0
EL CAMINO,2008,11121.0
EL CAMINO,2009,10713.0
EL CAMINO,2010,10567.0
EL CAMINO,2011,10563.0
EL CAMINO,2012,930.0
EL CAMINO,2013,956.0
EL CAMINO,2014,928.0
EL CAMINO,2015,790.0
EL CAMINO,2016,739.0
EL CAMINO,2017,734.0
EL CAMINO,2018,33486.0
EL CAMINO,2019,31909.0
EL CAMINO,2020,27268.0
EL CAMINO,2021,25553.0
EL CAMINO,2022,480.0
EL CAMINO,2023,421.0
EL CAMINO,2024,378.0
EVERGREEN VALLEY,2004,151.0
EVERGREEN VALLEY,2005,166.0
EVERGREEN VALLEY,2006,209.0
EVERGREEN VALLEY,2007,241.0
EVERGREEN VALLEY,2008,1964.0
EVERGREEN VALLEY,2009,2292.0
EVERGREEN VALLEY,2010,1865.0
EVERGREEN VALLEY,2011,1505.0
EVERGREEN VALLEY,2012,322.0
EVERGREEN VALLEY,2013,348.0
EVERGREEN VALLEY,2014,352.0
EVERGREEN VALLEY,2015,369.0
EVERGREEN VALLEY,2016,356.0
EVERGREEN VALLEY,2017,344.0
EVERGREEN VALLEY,2018,9734.0
EVERGREEN VALLEY,2019,9853.0
EVERGREEN VALLEY,2020,8837.0
EVERGREEN VALLEY,2021,8245.0
EVERGREEN VALLEY,2022,1081.0
EVERGREEN VALLEY,2023,1066.0
EVERGREEN VALLEY,2024,892.0
FEATHER RIVER,2004,3.0
FEATHER RIVER,2005,3.0
FEATHER RIVER,2006,4.0
FEATHER RIVER,2007,8.0
FEATHER RIVER,2008,75.0
FEATHER RIVER,2009,83.0
FEATHER RIVER,2010,71.0
FEATHER RIVER,2011,82.0
FEATHER RIVER,2012,8.0
FEATHER RIVER,2013,8.0
FEATHER RIVER,2014,65.0
FEATHER RIVER,2015,22.0
FEATHER RIVER,2016,28.0
FEATHER RIVER,2017,33.0
FEATHER RIVER,2018,2123.0
FEATHER RIVER,2019,1874.0
FEATHER RIVER,2020,1921.0
FEATHER RIVER,2021,1386.0
FEATHER RIVER,2022,27.0
FEATHER RIVER,2023,28.0
FEATHER RIVER,2024,44.0
FOLSOM LAKE,2004,41.0
FOLSOM LAKE,2005,41.0
FOLSOM LAKE,2006,55.0
FOLSOM LAKE,2007,73.0
FOLSOM LAKE,2008,339.0
FOLSOM LAKE,2009,320.0
FOLSOM LAKE,2010,483.0
FOLSOM LAKE,2011,95.0
FOLSOM LAKE,2012,82.0
FOLSOM LAKE,2013,85.0
FOLSOM LAKE,2014,101.0
FOLSOM LAKE,2015,114.0
FOLSOM LAKE,2016,120.0
FOLSOM LAKE,2017,112.0
FOLSOM LAKE,2018,8734.0
FOLSOM LAKE,2019,9107.0
FOLSOM LAKE,2020,9744.0
FOLSOM LAKE,2021,9143.0
FOLSOM LAKE,2022,567.0
FOLSOM LAKE,2023,592.0
FOLSOM LAKE,2024,627.0
FOOTHILL,2004,422.0
FOOTHILL,2005,374.0
FOOTHILL,2006,360.0
FOOTHILL,2007,316.0
FOOTHILL,2008,9.0
FOOTHILL,2009,10.0
FOOTHILL,2010,7.0
FOOTHILL,2011,1.0
FOOTHILL,2012,96.0
FOOTHILL,2013,229.0
FOOTHILL,2014,218.0
FOOTHILL,2015,316.0
FOOTHILL,2016,335.0
FOOTHILL,2017,447.0
FOOTHILL,2018,17024.0
FOOTHILL,2019,16768.0
FOOTHILL,2020,16259.0
FOOTHILL,2021,13918.0
FOOTHILL,2022,991.0
FOOTHILL,2023,892.0
FOOTHILL,2024,925.0
FRESNO CITY,2004,16.0
FRESNO CITY,2005,9.0
FRESNO CITY,2006,11.0
FRESNO CITY,2007,6.0
FRESNO CITY,2008,702.0
FRESNO CITY,2009,699.0
FRESNO CITY,2010,708.0
FRESNO CITY,2011,669.0
FRESNO CITY,2012,2.0
FRESNO CITY,2013,5.0
FRESNO CITY,2014,15.0
FRESNO CITY,2015,22.0
FRESNO CITY,2016,35.0
FRESNO CITY,2017,34.0
FRESNO CITY,2018,25064.0
FRESNO CITY,2019,25507.0
FRESNO CITY,2020,22754.0
FRESNO CITY,2021,20993.0
FRESNO CITY,2022,90.0
FRESNO CITY,2023,106.0
FRESNO CITY,2024,86.0
FULLERTON,2004,604.0
FULLERTON,2005,553.0
FULLERTON,2006,570.0
FULLERTON,2007,649.0
FULLERTON,2008,9486.0
FULLERTON,2009,9728.0
FULLERTON,2010,9347.0
FULLERTON,2011,8756.0
FULLERTON,2012,20073.0
FULLERTON,2013,24644.0
FULLERTON,2014,25424.0
FULLERTON,2015,25203.0
FULLERTON,2016,24907.0
FULLERTON,2017,24544.0
FULLERTON,2018,23031.0
FULLERTON,2019,23015.0
FULLERTON,2020,21785.0
FULLERTON,2021,18742.0
FULLERTON,2022,687.0
FULLERTON,2023,611.0
FULLERTON,2024,572.0
GAVILAN,2004,25.0
GAVILAN,2005,25.0
GAVILAN,2006,29.0
GAVILAN,2007,25.0
GAVILAN,2008,23612.0
GAVILAN,2009,24203.0
GAVILAN,2010,22639.0
GAVILAN,2011,21907.0
GAVILAN,2012,7657.0
GAVILAN,2013,6706.0
GAVILAN,2014,6435.0
GAVILAN,2015,7066.0
GAVILAN,2016,6977.0
GAVILAN,2017,7149.0
GAVILAN,2018,6929.0
GAVILAN,2019,6800.0
GAVILAN,2020,5198.0
GAVILAN,2021,5495.0
GAVILAN,2022,230.0
GAVILAN,2023,260.0
GAVILAN,2024,263.0
GLENDALE,2004,2807.0
GLENDALE,2005,2788.0
GLENDALE,2006,2712.0
GLENDALE,2007,2238.0
GLENDALE,2008,13633.0
GLENDALE,2009,14078.0
GLENDALE,2010,14053.0
GLENDALE,2011,13690.0
GLENDALE,2012,21039.0
GLENDALE,2013,20932.0
GLENDALE,2014,20017.0
GLENDALE,2015,20241.0
GLENDALE,2016,20053.0
GLENDALE,2017,19357.0
GLENDALE,2018,18186.0
GLENDALE,2019,17569.0
GLENDALE,2020,15265.0
GLENDALE,2021,14066.0
GLENDALE,2022,2263.0
GLENDALE,2023,2275.0
GLENDALE,2024,2586.0
GOLDEN WEST,2004,14156.0
GOLDEN WEST,2005,14057.0
GOLDEN WEST,2006,13319.0
GOLDEN WEST,2007,14010.0
GOLDEN WEST,2008,11104.0
GOLDEN WEST,2009,10109.0
GOLDEN WEST,2010,10140.0
GOLDEN WEST,2011,9579.0
GOLDEN WEST,2012,12455.0
GOLDEN WEST,2013,12743.0
GOLDEN WEST,2014,12482.0
GOLDEN WEST,2015,12148.0
GOLDEN WEST,2016,11962.0
GOLDEN WEST,2017,11796.0
GOLDEN WEST,2018,11964.0
GOLDEN WEST,2019,13047.0
GOLDEN WEST,2020,11908.0
GOLDEN WEST,2021,10692.0
GOLDEN WEST,2022,527.0
GOLDEN WEST,2023,534.0
GOLDEN WEST,2024,567.0
GROSSMONT,2004,17626.0
GROSSMONT,2005,16762.0
GROSSMONT,2006,16879.0
GROSSMONT,2007,17772.0
GROSSMONT,2008,16429.0
GROSSMONT,2009,18293.0
GROSSMONT,2010,17183.0
GROSSMONT,2011,16794.0
GROSSMONT,2012,17931.0
GROSSMONT,2013,18785.0
GROSSMONT,2014,18198.0
GROSSMONT,2015,18373.0
GROSSMONT,2016,18747.0
GROSSMONT,2017,18528.0
GROSSMONT,2018,18104.0
GROSSMONT,2019,17197.0
GROSSMONT,2020,15615.0
GROSSMONT,2021,13232.0
GROSSMONT,2022,974.0
GROSSMONT,2023,928.0
GROSSMONT,2024,1172.0
HARTNELL,2004,9537.0
HARTNELL,2005,9870.0
HARTNELL,2006,9969.0
HARTNELL,2007,10147.0
HARTNELL,2008,9330.0
HARTNELL,2009,9661.0
HARTNELL,2010,9022.0
HARTNELL,2011,8576.0
HARTNELL,2012,200.0
HARTNELL,2013,252.0
HARTNELL,2014,347.0
HARTNELL,2015,410.0
HARTNELL,2016,604.0
HARTNELL,2017,604.0
HARTNELL,2018,601.0
HARTNELL,2019,573.0
HARTNELL,2020,482.0
HARTNELL,2021,414.0
HARTNELL,2022,296.0
HARTNELL,2023,270.0
HARTNELL,2024,235.0
IMPERIAL VALLEY,2004,8088.0
IMPERIAL VALLEY,2005,7950.0
IMPERIAL VALLEY,2006,8621.0
IMPERIAL VALLEY,2007,9266.0
IMPERIAL VALLEY,2008,6486.0
IMPERIAL VALLEY,2009,6892.0
IMPERIAL VALLEY,2010,7085.0
IMPERIAL VALLEY,2011,6293.0
IMPERIAL VALLEY,2012,84.0
IMPERIAL VALLEY,2013,79.0
IMPERIAL VALLEY,2014,62.0
IMPERIAL VALLEY,2015,62.0
IMPERIAL VALLEY,2016,54.0
IMPERIAL VALLEY,2017,68.0
IMPERIAL VALLEY,2018,54.0
IMPERIAL VALLEY,2019,49.0
IMPERIAL VALLEY,2020,41.0
IMPERIAL VALLEY,2021,56.0
IMPERIAL VALLEY,2022,1253.0
IMPERIAL VALLEY,2023,1324.0
IMPERIAL VALLEY,2024,1311.0
IRVINE VALLEY,2004,12430.0
IRVINE VALLEY,2005,12761.0
IRVINE VALLEY,2006,13102.0
IRVINE VALLEY,2007,13698.0
IRVINE VALLEY,2008,12839.0
IRVINE VALLEY,2009,13533.0
IRVINE VALLEY,2010,13896.0
IRVINE VALLEY,2011,12835.0
IRVINE VALLEY,2012,399.0
IRVINE VALLEY,2013,418.0
IRVINE VALLEY,2014,392.0
IRVINE VALLEY,2015,374.0
IRVINE VALLEY,2016,401.0
IRVINE VALLEY,2017,500.0
IRVINE VALLEY,2018,2288.0
IRVINE VALLEY,2019,2454.0
IRVINE VALLEY,2020,2130.0
IRVINE VALLEY,2021,1950.0
IRVINE VALLEY,2022,1939.0
IRVINE VALLEY,2023,2243.0
IRVINE VALLEY,2024,2471.0
LAKE TAHOE,2004,17580.0
LAKE TAHOE,2005,16940.0
LAKE TAHOE,2006,17637.0
LAKE TAHOE,2007,18624.0
LAKE TAHOE,2008,15486.0
LAKE TAHOE,2009,16271.0
LAKE TAHOE,2010,16700.0
LAKE TAHOE,2011,15181.0
LAKE TAHOE,2012,937.0
LAKE TAHOE,2013,1031.0
LAKE TAHOE,2014,1008.0
LAKE TAHOE,2015,1000.0
LAKE TAHOE,2016,1043.0
LAKE TAHOE,2017,954.0
LAKE TAHOE,2018,2452.0
LAKE TAHOE,2019,2326.0
LAKE TAHOE,2020,1949.0
LAKE TAHOE,2021,1544.0
LAKE TAHOE,2022,63.0
LAKE TAHOE,2023,67.0
LAKE TAHOE,2024,82.0
LANEY,2004,3733.0
LANEY,2005,3516.0
LANEY,2006,3472.0
LANEY,2007,3452.0
LANEY,2008,3110.0
LANEY,2009,3039.0
LANEY,2010,2799.0
LANEY,2011,2884.0
LANEY,2012,56.0
LANEY,2013,77.0
LANEY,2014,68.0
LANEY,2015,42.0
LANEY,2016,35.0
LANEY,2017,31.0
LANEY,2018,93.0
LANEY,2019,109.0
LANEY,2020,73.0
LANEY,2021,55.0
LANEY,2022,1045.0
LANEY,2023,1043.0
LANEY,2024,964.0
LAS POSITAS,2004,3228.0
LAS POSITAS,2005,3075.0
LAS POSITAS,2006,3090.0
LAS POSITAS,2007,3043.0
LAS POSITAS,2008,8938.0
LAS POSITAS,2009,10166.0
LAS POSITAS,2010,9254.0
LAS POSITAS,2011,8901.0
LAS POSITAS,2012,12407.0
LAS POSITAS,2013,12354.0
LAS POSITAS,2014,11231.0
LAS POSITAS,2015,12018.0
LAS POSITAS,2016,11210.0
LAS POSITAS,2017,11207.0
LAS POSITAS,2018,317.0
LAS POSITAS,2019,411.0
LAS POSITAS,2020,335.0
LAS POSITAS,2021,267.0
LAS POSITAS,2022,511.0
LAS POSITAS,2023,534.0
LAS POSITAS,2024,579.0
LASSEN,2004,9055.0
LASSEN,2005,8610.0
LASSEN,2006,8848.0
LASSEN,2007,9356.0
LASSEN,2008,8442.0
LASSEN,2009,9045.0
LASSEN,2010,8594.0
LASSEN,2011,7960.0
LASSEN,2012,175.0
LASSEN,2013,183.0
LASSEN,2014,222.0
LASSEN,2015,202.0
LASSEN,2016,190.0
LASSEN,2017,218.0
LASSEN,2018,672.0
LASSEN,2019,713.0
LASSEN,2020,618.0
LASSEN,2021,544.0
LASSEN,2022,9.0
LASSEN,2023,15.0
LASSEN,2024,17.0
LONG BEACH CITY,2004,5.0
LONG BEACH CITY,2005,1.0
LONG BEACH CITY,2007,6.0
LONG BEACH CITY,2008,29670.0
LONG BEACH CITY,2009,29484.0
LONG BEACH CITY,2010,27179.0
LONG BEACH CITY,2011,26302.0
LONG BEACH CITY,2012,4111.0
LONG BEACH CITY,2013,4425.0
LONG BEACH CITY,2014,4283.0
LONG BEACH CITY,2015,4091.0
LONG BEACH CITY,2016,4337.0
LONG BEACH CITY,2017,4562.0
LONG BEACH CITY,2018,140.0
LONG BEACH CITY,2019,120.0
LONG BEACH CITY,2020,107.0
LONG BEACH CITY,2021,95.0
LONG BEACH CITY,2022,800.0
LONG BEACH CITY,2023,810.0
LONG BEACH CITY,2024,182.0
LOS ANGELES CITY,2004,16924.0
LOS ANGELES CITY,2005,17540.0
LOS ANGELES CITY,2006,18076.0
LOS ANGELES CITY,2007,19080.0
LOS ANGELES CITY,2008,13050.0
LOS ANGELES CITY,2009,13878.0
LOS ANGELES CITY,2010,14355.0
LOS ANGELES CITY,2011,16275.0
LOS ANGELES CITY,2012,1874.0
LOS ANGELES CITY,2013,2217.0
LOS ANGELES CITY,2014,2898.0
LOS ANGELES CITY,2015,3184.0
LOS ANGELES CITY,2016,3057.0
LOS ANGELES CITY,2017,2814.0
LOS ANGELES CITY,2018,2474.0
LOS ANGELES CITY,2019,2335.0
LOS ANGELES CITY,2020,1782.0
LOS ANGELES CITY,2021,1409.0
LOS ANGELES CITY,2022,1351.0
LOS ANGELES CITY,2023,1305.0
LOS ANGELES CITY,2024,1218.0
LOS ANGELES HARBOR,2004,9314.0
LOS ANGELES HARBOR,2005,9205.0
LOS ANGELES HARBOR,2006,9159.0
LOS ANGELES HARBOR,2007,9284.0
LOS ANGELES HARBOR,2008,8949.0
LOS ANGELES HARBOR,2009,9229.0
LOS ANGELES HARBOR,2010,10023.0
LOS ANGELES HARBOR,2011,9854.0
LOS ANGELES HARBOR,2012,358.0
LOS ANGELES HARBOR,2013,385.0
LOS ANGELES HARBOR,2014,395.0
LOS ANGELES HARBOR,2015,314.0
LOS ANGELES HARBOR,2016,342.0
LOS ANGELES HARBOR,2017,331.0
LOS ANGELES HARBOR,2018,397.0
LOS ANGELES HARBOR,2019,447.0
LOS ANGELES HARBOR,2020,419.0
LOS ANGELES HARBOR,2021,328.0
LOS ANGELES HARBOR,2022,337.0
LOS ANGELES HARBOR,2023,361.0
LOS ANGELES HARBOR,2024,354.0
LOS ANGELES MISSION,2004,2062.0
LOS ANGELES MISSION,2005,1712.0
LOS ANGELES MISSION,2007,1499.0
LOS ANGELES MISSION,2008,1374.0
LOS ANGELES MISSION,2009,1277.0
LOS ANGELES MISSION,2010,1532.0
LOS ANGELES MISSION,2011,1284.0
LOS ANGELES MISSION,2012,39.0
LOS ANGELES MISSION,2013,25.0
LOS ANGELES MISSION,2014,23.0
LOS ANGELES MISSION,2015,19.0
LOS ANGELES MISSION,2016,24.0
LOS ANGELES MISSION,2017,32.0
LOS ANGELES MISSION,2018,33.0
LOS ANGELES MISSION,2022,489.0
LOS ANGELES MISSION,2023,546.0
LOS ANGELES MISSION,2024,543.0
LOS ANGELES PIERCE,2004,7735.0
LOS ANGELES PIERCE,2005,8013.0
LOS ANGELES PIERCE,2006,8073.0
LOS ANGELES PIERCE,2007,9727.0
LOS ANGELES PIERCE,2008,9314.0
LOS ANGELES PIERCE,2009,9314.0
LOS ANGELES PIERCE,2010,9702.0
LOS ANGELES PIERCE,2011,8689.0
LOS ANGELES PIERCE,2012,857.0
LOS ANGELES PIERCE,2013,818.0
LOS ANGELES PIERCE,2014,915.0
LOS ANGELES PIERCE,2015,889.0
LOS ANGELES PIERCE,2016,820.0
LOS ANGELES PIERCE,2017,1117.0
LOS ANGELES PIERCE,2018,797.0
LOS ANGELES PIERCE,2019,636.0
LOS ANGELES PIERCE,2020,589.0
LOS ANGELES PIERCE,2021,476.0
LOS ANGELES PIERCE,2022,1107.0
LOS ANGELES PIERCE,2023,1091.0
LOS ANGELES PIERCE,2024,1208.0
LOS ANGELES SOUTHWEST,2004,19181.0
LOS ANGELES SOUTHWEST,2005,18833.0
LOS ANGELES SOUTHWEST,2006,19735.0
LOS ANGELES SOUTHWEST,2007,21062.0
LOS ANGELES SOUTHWEST,2008,19791.0
LOS ANGELES SOUTHWEST,2009,19802.0
LOS ANGELES SOUTHWEST,2010,19036.0
LOS ANGELES SOUTHWEST,2011,18728.0
LOS ANGELES SOUTHWEST,2012,856.0
LOS ANGELES SOUTHWEST,2013,850.0
LOS ANGELES SOUTHWEST,2014,868.0
LOS ANGELES SOUTHWEST,2015,779.0
LOS ANGELES SOUTHWEST,2016,814.0
LOS ANGELES SOUTHWEST,2017,701.0
LOS ANGELES SOUTHWEST,2018,1957.0
LOS ANGELES SOUTHWEST,2019,1840.0
LOS ANGELES SOUTHWEST,2020,1652.0
LOS ANGELES SOUTHWEST,2021,1281.0
LOS ANGELES SOUTHWEST,2022,291.0
LOS ANGELES SOUTHWEST,2023,225.0
LOS ANGELES SOUTHWEST,2024,223.0
LOS ANGELES TRADE TECHNICAL,2004,7013.0
LOS ANGELES TRADE TECHNICAL,2005,7125.0
LOS ANGELES TRADE TECHNICAL,2006,7359.0
LOS ANGELES TRADE TECHNICAL,2007,8041.0
LOS ANGELES TRADE TECHNICAL,2008,7253.0
LOS ANGELES TRADE TECHNICAL,2009,7339.0
LOS ANGELES TRADE TECHNICAL,2010,7112.0
LOS ANGELES TRADE TECHNICAL,2011,6623.0
LOS ANGELES TRADE TECHNICAL,2012,1350.0
LOS ANGELES TRADE TECHNICAL,2013,1474.0
LOS ANGELES TRADE TECHNICAL,2014,1197.0
LOS ANGELES TRADE TECHNICAL,2015,1247.0
LOS ANGELES TRADE TECHNICAL,2016,1232.0
LOS ANGELES TRADE TECHNICAL,2017,1147.0
LOS ANGELES TRADE TECHNICAL,2018,731.0
LOS ANGELES TRADE TECHNICAL,2019,624.0
LOS ANGELES TRADE TECHNICAL,2020,447.0
LOS ANGELES TRADE TECHNICAL,2021,360.0
LOS ANGELES TRADE TECHNICAL,2022,373.0
LOS ANGELES TRADE TECHNICAL,2023,378.0
LOS ANGELES TRADE TECHNICAL,2024,340.0
LOS ANGELES VALLEY,2004,13941.0
LOS ANGELES VALLEY,2005,14369.0
LOS ANGELES VALLEY,2006,14860.0
LOS ANGELES VALLEY,2007,14954.0
LOS ANGELES VALLEY,2008,16144.0
LOS ANGELES VALLEY,2009,14344.0
LOS ANGELES VALLEY,2010,14184.0
LOS ANGELES VALLEY,2011,16166.0
LOS ANGELES VALLEY,2012,1150.0
LOS ANGELES VALLEY,2013,1236.0
LOS ANGELES VALLEY,2014,1316.0
LOS ANGELES VALLEY,2015,1387.0
LOS ANGELES VALLEY,2016,1420.0
LOS ANGELES VALLEY,2017,1420.0
LOS ANGELES VALLEY,2018,738.0
LOS ANGELES VALLEY,2019,641.0
LOS ANGELES VALLEY,2020,529.0
LOS ANGELES VALLEY,2021,425.0
LOS ANGELES VALLEY,2022,1549.0
LOS ANGELES VALLEY,2023,1608.0
LOS ANGELES VALLEY,2024,1736.0
LOS MEDANOS,2007,1.0
LOS MEDANOS,2008,52.0
LOS MEDANOS,2009,70.0
LOS MEDANOS,2010,94.0
LOS MEDANOS,2011,120.0
LOS MEDANOS,2012,25276.0
LOS MEDANOS,2013,24341.0
LOS MEDANOS,2014,25003.0
LOS MEDANOS,2015,25334.0
LOS MEDANOS,2016,25711.0
LOS MEDANOS,2017,26032.0
LOS MEDANOS,2018,25210.0
LOS MEDANOS,2019,25857.0
LOS MEDANOS,2020,24367.0
LOS MEDANOS,2021,23221.0
LOS MEDANOS,2022,326.0
LOS MEDANOS,2023,312.0
LOS MEDANOS,2024,350.0
MADERA,2004,85.0
MADERA,2005,101.0
MADERA,2006,310.0
MADERA,2007,759.0
MADERA,2008,7918.0
MADERA,2009,7138.0
MADERA,2010,8907.0
MADERA,2011,8551.0
MADERA,2012,8646.0
MADERA,2013,8691.0
MADERA,2014,8837.0
MADERA,2015,8946.0
MADERA,2016,8839.0
MADERA,2017,9090.0
MADERA,2018,9996.0
MADERA,2019,9615.0
MADERA,2020,8711.0
MADERA,2021,8067.0
MADERA,2022,23.0
MADERA,2023,36.0
MADERA,2024,23.0
MARIN,2004,5.0
MARIN,2005,3.0
MARIN,2006,2.0
MARIN,2007,1.0
MARIN,2008,5495.0
MARIN,2009,6229.0
MARIN,2010,6574.0
MARIN,2011,6438.0
MARIN,2012,7980.0
MARIN,2013,8031.0
MARIN,2014,8202.0
MARIN,2015,8341.0
MARIN,2016,8172.0
MARIN,2017,8384.0
MARIN,2020,5022.0
MARIN,2021,4856.0
MARIN,2022,238.0
MARIN,2023,226.0
MARIN,2024,237.0
MENDOCINO,2004,4.0
MENDOCINO,2005,1.0
MENDOCINO,2006,1.0
MENDOCINO,2007,1.0
MENDOCINO,2008,4719.0
MENDOCINO,2009,4748.0
MENDOCINO,2010,4335.0
MENDOCINO,2011,3667.0
MENDOCINO,2012,6277.0
MENDOCINO,2013,5313.0
MENDOCINO,2014,4818.0
MENDOCINO,2015,4849.0
MENDOCINO,2016,4976.0
MENDOCINO,2017,4719.0
MENDOCINO,2018,387.0
MENDOCINO,2019,407.0
MENDOCINO,2020,308.0
MENDOCINO,2021,258.0
MENDOCINO,2022,162.0
MENDOCINO,2023,208.0
MENDOCINO,2024,167.0
MERCED,2004,481.0
MERCED,2005,636.0
MERCED,2006,790.0
MERCED,2007,885.0
MERCED,2008,12939.0
MERCED,2009,10629.0
MERCED,2010,11091.0
MERCED,2011,10321.0
MERCED,2012,3621.0
MERCED,2013,3596.0
MERCED,2014,3643.0
MERCED,2015,4153.0
MERCED,2016,4130.0
MERCED,2017,3843.0
MERCED,2018,192.0
MERCED,2019,169.0
MERCED,2020,121.0
MERCED,2021,118.0
MERCED,2022,282.0
MERCED,2023,334.0
MERCED,2024,331.0
MERRITT,2004,1.0
MERRITT,2006,1.0
MERRITT,2008,16465.0
MERRITT,2009,18145.0
MERRITT,2010,17695.0
MERRITT,2011,17137.0
MERRITT,2012,10428.0
MERRITT,2013,10170.0
MERRITT,2014,9936.0
MERRITT,2015,10203.0
MERRITT,2016,10636.0
MERRITT,2017,10727.0
MERRITT,2018,481.0
MERRITT,2019,470.0
MERRITT,2020,335.0
MERRITT,2021,319.0
MERRITT,2022,520.0
MERRITT,2023,490.0
MERRITT,2024,447.0
MIRACOSTA,2004,1194.0
MIRACOSTA,2005,956.0
MIRACOSTA,2006,826.0
MIRACOSTA,2007,777.0
MIRACOSTA,2008,13878.0
MIRACOSTA,2009,15510.0
MIRACOSTA,2010,15254.0
MIRACOSTA,2011,14908.0
MIRACOSTA,2012,5197.0
MIRACOSTA,2013,4961.0
MIRACOSTA,2014,5483.0
MIRACOSTA,2015,5865.0
MIRACOSTA,2016,5946.0
MIRACOSTA,2017,5997.0
MIRACOSTA,2018,282.0
MIRACOSTA,2019,273.0
MIRACOSTA,2020,242.0
MIRACOSTA,2021,230.0
MIRACOSTA,2022,174.0
MIRACOSTA,2023,288.0
MIRACOSTA,2024,323.0
MISSION,2004,1.0
MISSION,2005,3.0
MISSION,2006,3.0
MISSION,2007,3.0
MISSION,2008,11510.0
MISSION,2009,12341.0
MISSION,2010,9797.0
MISSION,2011,8900.0
MISSION,2012,15136.0
MISSION,2013,14955.0
MISSION,2014,14934.0
MISSION,2015,15347.0
MISSION,2016,15226.0
MISSION,2017,14972.0
MISSION,2018,988.0
MISSION,2019,627.0
MISSION,2020,360.0
MISSION,2021,224.0
MISSION,2022,698.0
MISSION,2023,702.0
MISSION,2024,716.0
MODESTO JUNIOR,2004,58.0
MODESTO JUNIOR,2005,55.0
MODESTO JUNIOR,2006,28.0
MODESTO JUNIOR,2007,28.0
MODESTO JUNIOR,2008,18997.0
MODESTO JUNIOR,2009,18296.0
MODESTO JUNIOR,2010,17886.0
MODESTO JUNIOR,2011,16706.0
MODESTO JUNIOR,2012,8554.0
MODESTO JUNIOR,2013,8450.0
MODESTO JUNIOR,2014,7791.0
MODESTO JUNIOR,2015,8399.0
MODESTO JUNIOR,2016,7697.0
MODESTO JUNIOR,2017,5578.0
MODESTO JUNIOR,2018,1073.0
MODESTO JUNIOR,2019,1005.0
MODESTO JUNIOR,2020,813.0
MODESTO JUNIOR,2021,687.0
MODESTO JUNIOR,2022,742.0
MODESTO JUNIOR,2023,719.0
MODESTO JUNIOR,2024,697.0
MONTEREY PENINSULA,2004,469.0
MONTEREY PENINSULA,2005,364.0
MONTEREY PENINSULA,2006,267.0
MONTEREY PENINSULA,2007,261.0
MONTEREY PENINSULA,2008,12519.0
MONTEREY PENINSULA,2009,11642.0
MONTEREY PENINSULA,2010,10105.0
MONTEREY PENINSULA,2011,9576.0
MONTEREY PENINSULA,2012,16064.0
MONTEREY PENINSULA,2013,16247.0
MONTEREY PENINSULA,2014,16669.0
MONTEREY PENINSULA,2015,16780.0
MONTEREY PENINSULA,2016,16776.0
MONTEREY PENINSULA,2017,16919.0
MONTEREY PENINSULA,2018,1092.0
MONTEREY PENINSULA,2019,990.0
MONTEREY PENINSULA,2020,796.0
MONTEREY PENINSULA,2021,711.0
MONTEREY PENINSULA,2022,173.0
MONTEREY PENINSULA,2023,205.0
MONTEREY PENINSULA,2024,203.0
MOORPARK,2004,254.0
MOORPARK,2005,313.0
MOORPARK,2006,184.0
MOORPARK,2007,96.0
MOORPARK,2008,14840.0
MOORPARK,2009,15416.0
MOORPARK,2010,14495.0
MOORPARK,2011,14382.0
MOORPARK,2012,11036.0
MOORPARK,2013,9854.0
MOORPARK,2014,8003.0
MOORPARK,2015,8708.0
MOORPARK,2016,8135.0
MOORPARK,2017,7742.0
MOORPARK,2018,336.0
MOORPARK,2019,319.0
MOORPARK,2020,229.0
MOORPARK,2021,194.0
MOORPARK,2022,341.0
MOORPARK,2023,366.0
MOORPARK,2024,358.0
MORENO VALLEY,2004,10.0
MORENO VALLEY,2005,14.0
MORENO VALLEY,2006,6.0
MORENO VALLEY,2007,3.0
MORENO VALLEY,2010,10163.0
MORENO VALLEY,2011,9508.0
MORENO VALLEY,2012,13696.0
MORENO VALLEY,2013,13360.0
MORENO VALLEY,2014,13089.0
MORENO VALLEY,2015,13099.0
MORENO VALLEY,2016,13227.0
MORENO VALLEY,2017,13568.0
MORENO VALLEY,2018,541.0
MORENO VALLEY,2019,488.0
MORENO VALLEY,2020,430.0
MORENO VALLEY,2021,385.0
MORENO VALLEY,2022,235.0
MORENO VALLEY,2023,217.0
MORENO VALLEY,2024,218.0
MOUNT SAN ANTONIO,2004,96.0
MOUNT SAN ANTONIO,2005,70.0
MOUNT SAN ANTONIO,2006,70.0
MOUNT SAN ANTONIO,2007,123.0
MOUNT SAN ANTONIO,2008,32068.0
MOUNT SAN ANTONIO,2009,30710.0
MOUNT SAN ANTONIO,2010,29205.0
MOUNT SAN ANTONIO,2011,28812.0
MOUNT SAN ANTONIO,2012,8595.0
MOUNT SAN ANTONIO,2013,7912.0
MOUNT SAN ANTONIO,2014,8144.0
MOUNT SAN ANTONIO,2015,8237.0
MOUNT SAN ANTONIO,2016,8623.0
MOUNT SAN ANTONIO,2017,9334.0
MOUNT SAN ANTONIO,2018,323.0
MOUNT SAN ANTONIO,2019,374.0
MOUNT SAN ANTONIO,2020,283.0
MOUNT SAN ANTONIO,2021,247.0
MOUNT SAN ANTONIO,2022,1566.0
MOUNT SAN ANTONIO,2023,1584.0
MOUNT SAN ANTONIO,2024,1571.0
MOUNT SAN JACINTO,2004,1470.0
MOUNT SAN JACINTO,2005,1330.0
MOUNT SAN JACINTO,2006,1160.0
MOUNT SAN JACINTO,2007,2068.0
MOUNT SAN JACINTO,2008,17033.0
MOUNT SAN JACINTO,2009,18521.0
MOUNT SAN JACINTO,2010,16680.0
MOUNT SAN JACINTO,2011,15595.0
MOUNT SAN JACINTO,2012,27851.0
MOUNT SAN JACINTO,2013,27981.0
MOUNT SAN JACINTO,2014,28404.0
MOUNT SAN JACINTO,2015,28264.0
MOUNT SAN JACINTO,2016,28652.0
MOUNT SAN JACINTO,2017,29700.0
MOUNT SAN JACINTO,2018,206.0
MOUNT SAN JACINTO,2019,227.0
MOUNT SAN JACINTO,2020,218.0
MOUNT SAN JACINTO,2021,203.0
MOUNT SAN JACINTO,2022,412.0
MOUNT SAN JACINTO,2023,434.0
MOUNT SAN JACINTO,2024,395.0
NAPA VALLEY,2004,186.0
NAPA VALLEY,2005,337.0
NAPA VALLEY,2006,449.0
NAPA VALLEY,2007,545.0
NAPA VALLEY,2008,12.0
NAPA VALLEY,2009,13.0
NAPA VALLEY,2010,10.0
NAPA VALLEY,2011,11.0
NAPA VALLEY,2012,22.0
NAPA VALLEY,2013,39.0
NAPA VALLEY,2014,40.0
NAPA VALLEY,2015,57.0
NAPA VALLEY,2016,68.0
NAPA VALLEY,2017,66.0
NAPA VALLEY,2018,226.0
NAPA VALLEY,2019,211.0
NAPA VALLEY,2020,161.0
NAPA VALLEY,2021,167.0
NAPA VALLEY,2022,174.0
NAPA VALLEY,2023,150.0
NAPA VALLEY,2024,141.0
NORCO,2004,772.0
NORCO,2005,108.0
NORCO,2006,367.0
NORCO,2007,400.0
NORCO,2010,28.0
NORCO,2011,33.0
NORCO,2012,10.0
NORCO,2013,18.0
NORCO,2014,23.0
NORCO,2015,36.0
NORCO,2016,43.0
NORCO,2017,56.0
NORCO,2018,3.0
NORCO,2019,11.0
NORCO,2020,13.0
NORCO,2021,9.0
NORCO,2022,276.0
NORCO,2023,317.0
NORCO,2024,317.0
NORTH ORANGE CONTINUING EDUCATION,2004,3814.0
NORTH ORANGE CONTINUING EDUCATION,2005,3991.0
NORTH ORANGE CONTINUING EDUCATION,2006,4006.0
NORTH ORANGE CONTINUING EDUCATION,2007,4130.0
NORTH ORANGE CONTINUING EDUCATION,2008,582.0
NORTH ORANGE CONTINUING EDUCATION,2009,184.0
NORTH ORANGE CONTINUING EDUCATION,2010,107.0
NORTH ORANGE CONTINUING EDUCATION,2011,62.0
NORTH ORANGE CONTINUING EDUCATION,2012,9066.0
NORTH ORANGE CONTINUING EDUCATION,2013,8986.0
NORTH ORANGE CONTINUING EDUCATION,2014,8662.0
NORTH ORANGE CONTINUING EDUCATION,2015,9035.0
NORTH ORANGE CONTINUING EDUCATION,2016,9211.0
NORTH ORANGE CONTINUING EDUCATION,2017,9564.0
NORTH ORANGE CONTINUING EDUCATION,2018,37.0
NORTH ORANGE CONTINUING EDUCATION,2019,34.0
NORTH ORANGE CONTINUING EDUCATION,2020,35.0
NORTH ORANGE CONTINUING EDUCATION,2021,42.0
NORTH ORANGE CONTINUING EDUCATION,2022,1212.0
NORTH ORANGE CONTINUING EDUCATION,2023,1368.0
NORTH ORANGE CONTINUING EDUCATION,2024,1449.0
OHLONE,2004,1502.0
OHLONE,2005,1435.0
OHLONE,2006,1436.0
OHLONE,2007,1398.0
OHLONE,2008,189.0
OHLONE,2009,210.0
OHLONE,2010,229.0
OHLONE,2011,276.0
OHLONE,2012,12229.0
OHLONE,2013,10860.0
OHLONE,2014,10410.0
OHLONE,2015,10056.0
OHLONE,2016,10079.0
OHLONE,2017,9163.0
OHLONE,2018,2493.0
OHLONE,2019,2792.0
OHLONE,2020,2968.0
OHLONE,2021,2294.0
OHLONE,2022,659.0
OHLONE,2023,671.0
OHLONE,2024,668.0
ORANGE COAST,2004,2139.0
ORANGE COAST,2005,1915.0
ORANGE COAST,2006,1849.0
ORANGE COAST,2007,1959.0
ORANGE COAST,2008,626.0
ORANGE COAST,2009,685.0
ORANGE COAST,2010,692.0
ORANGE COAST,2011,634.0
ORANGE COAST,2012,8866.0
ORANGE COAST,2013,8631.0
ORANGE COAST,2014,9643.0
ORANGE COAST,2015,8590.0
ORANGE COAST,2016,8136.0
ORANGE COAST,2017,7639.0
ORANGE COAST,2018,58.0
ORANGE COAST,2019,73.0
ORANGE COAST,2020,115.0
ORANGE COAST,2021,120.0
ORANGE COAST,2022,710.0
ORANGE COAST,2023,682.0
ORANGE COAST,2024,636.0
OXNARD,2004,1128.0
OXNARD,2005,1096.0
OXNARD,2006,1108.0
OXNARD,2007,1106.0
OXNARD,2008,7.0
OXNARD,2009,4.0
OXNARD,2010,11.0
OXNARD,2011,5.0
OXNARD,2012,14808.0
OXNARD,2013,14361.0
OXNARD,2014,13504.0
OXNARD,2015,13290.0
OXNARD,2016,12720.0
OXNARD,2017,13028.0
OXNARD,2018,6330.0
OXNARD,2019,6081.0
OXNARD,2020,5376.0
OXNARD,2021,5089.0
OXNARD,2022,195.0
OXNARD,2023,215.0
OXNARD,2024,177.0
PALO VERDE,2004,85.0
PALO VERDE,2005,106.0
PALO VERDE,2006,92.0
PALO VERDE,2007,70.0
PALO VERDE,2008,2.0
PALO VERDE,2009,2.0
PALO VERDE,2010,2.0
PALO VERDE,2011,1.0
PALO VERDE,2012,6177.0
PALO VERDE,2013,6086.0
PALO VERDE,2014,6293.0
PALO VERDE,2015,6173.0
PALO VERDE,2016,6308.0
PALO VERDE,2017,6622.0
PALO VERDE,2018,15.0
PALO VERDE,2019,6.0
PALO VERDE,2020,1.0
PALO VERDE,2021,2.0
PALO VERDE,2022,77.0
PALO VERDE,2023,84.0
PALO VERDE,2024,98.0
PALOMAR,2004,1220.0
PALOMAR,2005,1045.0
PALOMAR,2006,1032.0
PALOMAR,2007,993.0
PALOMAR,2008,260.0
PALOMAR,2009,250.0
PALOMAR,2010,234.0
PALOMAR,2011,208.0
PALOMAR,2012,26880.0
PALOMAR,2013,26833.0
PALOMAR,2014,26946.0
PALOMAR,2015,25327.0
PALOMAR,2016,25951.0
PALOMAR,2017,25744.0
PALOMAR,2021,1.0
PALOMAR,2022,663.0
PALOMAR,2023,684.0
PALOMAR,2024,727.0
PASADENA CITY,2004,5257.0
PASADENA CITY,2005,4981.0
PASADENA CITY,2006,4920.0
PASADENA CITY,2007,4824.0
PASADENA CITY,2008,1129.0
PASADENA CITY,2009,1105.0
PASADENA CITY,2010,1051.0
PASADENA CITY,2011,1022.0
PASADENA CITY,2012,26080.0
PASADENA CITY,2013,27823.0
PASADENA CITY,2014,30248.0
PASADENA CITY,2015,30795.0
PASADENA CITY,2016,30911.0
PASADENA CITY,2017,30803.0
PASADENA CITY,2018,315.0
PASADENA CITY,2019,261.0
PASADENA CITY,2020,105.0
PASADENA CITY,2021,64.0
PASADENA CITY,2022,1826.0
PASADENA CITY,2023,1839.0
PASADENA CITY,2024,1753.0
PORTERVILLE,2004,405.0
PORTERVILLE,2005,412.0
PORTERVILLE,2006,431.0
PORTERVILLE,2007,450.0
PORTERVILLE,2008,5.0
PORTERVILLE,2009,2.0
PORTERVILLE,2010,1.0
PORTERVILLE,2011,1.0
PORTERVILLE,2012,3927.0
PORTERVILLE,2013,3853.0
PORTERVILLE,2014,3821.0
PORTERVILLE,2015,4119.0
PORTERVILLE,2016,4379.0
PORTERVILLE,2017,4158.0
PORTERVILLE,2018,523.0
PORTERVILLE,2019,405.0
PORTERVILLE,2020,165.0
PORTERVILLE,2021,429.0
PORTERVILLE,2022,135.0
PORTERVILLE,2023,161.0
PORTERVILLE,2024,171.0
REDWOODS,2004,3556.0
REDWOODS,2005,2969.0
REDWOODS,2006,1616.0
REDWOODS,2007,3793.0
REDWOODS,2008,226.0
REDWOODS,2012,5300.0
REDWOODS,2013,4954.0
REDWOODS,2014,4985.0
REDWOODS,2015,5310.0
REDWOODS,2016,5592.0
REDWOODS,2017,5090.0
REDWOODS,2018,3.0
REDWOODS,2019,5.0
REDWOODS,2020,2.0
REDWOODS,2021,4.0
REDWOODS,2022,44.0
REDWOODS,2023,40.0
REDWOODS,2024,50.0
REEDLEY,2004,43.0
REEDLEY,2005,52.0
REEDLEY,2006,50.0
REEDLEY,2007,56.0
REEDLEY,2008,14491.0
REEDLEY,2009,15682.0
REEDLEY,2010,15118.0
REEDLEY,2011,14357.0
REEDLEY,2012,13905.0
REEDLEY,2013,14053.0
REEDLEY,2014,14856.0
REEDLEY,2015,10082.0
REEDLEY,2016,10362.0
REEDLEY,2017,10911.0
REEDLEY,2018,1.0
REEDLEY,2019,2.0
REEDLEY,2022,33.0
REEDLEY,2023,41.0
REEDLEY,2024,44.0
RIO HONDO,2004,240.0
RIO HONDO,2005,309.0
RIO HONDO,2006,353.0
RIO HONDO,2007,346.0
RIO HONDO,2008,13910.0
RIO HONDO,2009,15008.0
RIO HONDO,2010,14530.0
RIO HONDO,2011,13878.0
RIO HONDO,2012,13530.0
RIO HONDO,2013,13642.0
RIO HONDO,2014,14425.0
RIO HONDO,2015,9589.0
RIO HONDO,2016,9912.0
RIO HONDO,2017,10533.0
RIO HONDO,2018,1.0
RIO HONDO,2019,2.0
RIO HONDO,2020,2.0
RIO HONDO,2022,411.0
RIO HONDO,2023,405.0
RIO HONDO,2024,408.0
RIVERSIDE CITY,2004,2033.0
RIVERSIDE CITY,2005,1959.0
RIVERSIDE CITY,2006,1978.0
RIVERSIDE CITY,2007,1806.0
RIVERSIDE CITY,2008,20793.0
RIVERSIDE CITY,2009,21874.0
RIVERSIDE CITY,2010,19888.0
RIVERSIDE CITY,2011,18496.0
RIVERSIDE CITY,2012,17916.0
RIVERSIDE CITY,2013,18466.0
RIVERSIDE CITY,2014,17206.0
RIVERSIDE CITY,2015,18212.0
RIVERSIDE CITY,2016,18952.0
RIVERSIDE CITY,2017,20083.0
RIVERSIDE CITY,2018,82.0
RIVERSIDE CITY,2019,74.0
RIVERSIDE CITY,2020,56.0
RIVERSIDE CITY,2021,30.0
RIVERSIDE CITY,2022,501.0
RIVERSIDE CITY,2023,511.0
RIVERSIDE CITY,2024,485.0
SACRAMENTO CITY,2004,1841.0
SACRAMENTO CITY,2005,1737.0
SACRAMENTO CITY,2006,1674.0
SACRAMENTO CITY,2007,1702.0
SACRAMENTO CITY,2008,35412.0
SACRAMENTO CITY,2009,35926.0
SACRAMENTO CITY,2010,19274.0
SACRAMENTO CITY,2011,17439.0
SACRAMENTO CITY,2012,16056.0
SACRAMENTO CITY,2013,17018.0
SACRAMENTO CITY,2014,17443.0
SACRAMENTO CITY,2015,17979.0
SACRAMENTO CITY,2016,18451.0
SACRAMENTO CITY,2017,19765.0
SACRAMENTO CITY,2018,285.0
SACRAMENTO CITY,2019,252.0
SACRAMENTO CITY,2020,171.0
SACRAMENTO CITY,2021,107.0
SACRAMENTO CITY,2022,1266.0
SACRAMENTO CITY,2023,1247.0
SACRAMENTO CITY,2024,1292.0
SADDLEBACK,2004,2215.0
SADDLEBACK,2005,2222.0
SADDLEBACK,2006,2238.0
SADDLEBACK,2007,2435.0
SADDLEBACK,2008,22981.0
SADDLEBACK,2009,24087.0
SADDLEBACK,2010,22206.0
SADDLEBACK,2011,21413.0
SADDLEBACK,2012,21480.0
SADDLEBACK,2013,20677.0
SADDLEBACK,2014,20579.0
SADDLEBACK,2015,20077.0
SADDLEBACK,2016,19385.0
SADDLEBACK,2017,18684.0
SADDLEBACK,2018,510.0
SADDLEBACK,2019,225.0
SADDLEBACK,2020,164.0
SADDLEBACK,2021,86.0
SADDLEBACK,2022,1534.0
SADDLEBACK,2023,1606.0
SADDLEBACK,2024,1772.0
SAN BERNARDINO VALLEY,2004,1569.0
SAN BERNARDINO VALLEY,2005,1604.0
SAN BERNARDINO VALLEY,2006,1511.0
SAN BERNARDINO VALLEY,2007,1501.0
SAN BERNARDINO VALLEY,2008,24662.0
SAN BERNARDINO VALLEY,2009,26631.0
SAN BERNARDINO VALLEY,2010,25099.0
SAN BERNARDINO VALLEY,2011,25719.0
SAN BERNARDINO VALLEY,2012,24836.0
SAN BERNARDINO VALLEY,2013,24097.0
SAN BERNARDINO VALLEY,2014,23251.0
SAN BERNARDINO VALLEY,2015,23212.0
SAN BERNARDINO VALLEY,2016,23854.0
SAN BERNARDINO VALLEY,2017,24119.0
SAN BERNARDINO VALLEY,2018,456.0
SAN BERNARDINO VALLEY,2019,434.0
SAN BERNARDINO VALLEY,2020,402.0
SAN BERNARDINO VALLEY,2021,269.0
SAN BERNARDINO VALLEY,2022,347.0
SAN BERNARDINO VALLEY,2023,379.0
SAN BERNARDINO VALLEY,2024,366.0
SAN DIEGO CITY,2004,762.0
SAN DIEGO CITY,2005,673.0
SAN DIEGO CITY,2006,662.0
SAN DIEGO CITY,2007,691.0
SAN DIEGO CITY,2008,11697.0
SAN DIEGO CITY,2009,13002.0
SAN DIEGO CITY,2010,12484.0
SAN DIEGO CITY,2011,11275.0
SAN DIEGO CITY,2012,10939.0
SAN DIEGO CITY,2013,11218.0
SAN DIEGO CITY,2014,11803.0
SAN DIEGO CITY,2015,12022.0
SAN DIEGO CITY,2016,11647.0
SAN DIEGO CITY,2017,12929.0
SAN DIEGO CITY,2018,37.0
SAN DIEGO CITY,2019,30.0
SAN DIEGO CITY,2020,19.0
SAN DIEGO CITY,2021,13.0
SAN DIEGO CITY,2022,659.0
SAN DIEGO CITY,2023,621.0
SAN DIEGO CITY,2024,596.0
SAN DIEGO MESA,2004,2376.0
SAN DIEGO MESA,2005,2130.0
SAN DIEGO MESA,2006,1944.0
SAN DIEGO MESA,2007,1697.0
SAN DIEGO MESA,2008,331.0
SAN DIEGO MESA,2009,324.0
SAN DIEGO MESA,2010,353.0
SAN DIEGO MESA,2011,406.0
SAN DIEGO MESA,2012,408.0
SAN DIEGO MESA,2013,470.0
SAN DIEGO MESA,2014,516.0
SAN DIEGO MESA,2015,498.0
SAN DIEGO MESA,2016,547.0
SAN DIEGO MESA,2017,551.0
SAN DIEGO MESA,2018,213.0
SAN DIEGO MESA,2019,216.0
SAN DIEGO MESA,2020,99.0
SAN DIEGO MESA,2021,87.0
SAN DIEGO MESA,2022,959.0
SAN DIEGO MESA,2023,840.0
SAN DIEGO MESA,2024,751.0
SAN DIEGO MIRAMAR,2004,8.0
SAN DIEGO MIRAMAR,2005,3.0
SAN DIEGO MIRAMAR,2006,2.0
SAN DIEGO MIRAMAR,2008,1045.0
SAN DIEGO MIRAMAR,2009,1064.0
SAN DIEGO MIRAMAR,2010,1040.0
SAN DIEGO MIRAMAR,2011,1044.0
SAN DIEGO MIRAMAR,2012,998.0
SAN DIEGO MIRAMAR,2013,1005.0
SAN DIEGO MIRAMAR,2014,1034.0
SAN DIEGO MIRAMAR,2015,1045.0
SAN DIEGO MIRAMAR,2016,1077.0
SAN DIEGO MIRAMAR,2017,1247.0
SAN DIEGO MIRAMAR,2018,234.0
SAN DIEGO MIRAMAR,2019,193.0
SAN DIEGO MIRAMAR,2020,112.0
SAN DIEGO MIRAMAR,2021,53.0
SAN DIEGO MIRAMAR,2022,699.0
SAN DIEGO MIRAMAR,2023,653.0
SAN DIEGO MIRAMAR,2024,645.0
SAN DIEGO OF CONTINUING ED,2004,1562.0
SAN DIEGO OF CONTINUING ED,2005,1530.0
SAN DIEGO OF CONTINUING ED,2006,1452.0
SAN DIEGO OF CONTINUING ED,2007,1486.0
SAN DIEGO OF CONTINUING ED,2008,38506.0
SAN DIEGO OF CONTINUING ED,2009,33934.0
SAN DIEGO OF CONTINUING ED,2010,31959.0
SAN DIEGO OF CONTINUING ED,2011,29558.0
SAN DIEGO OF CONTINUING ED,2012,26994.0
SAN DIEGO OF CONTINUING ED,2013,26046.0
SAN DIEGO OF CONTINUING ED,2014,26904.0
SAN DIEGO OF CONTINUING ED,2015,25126.0
SAN DIEGO OF CONTINUING ED,2016,24923.0
SAN DIEGO OF CONTINUING ED,2017,23945.0
SAN DIEGO OF CONTINUING ED,2018,66.0
SAN DIEGO OF CONTINUING ED,2019,40.0
SAN DIEGO OF CONTINUING ED,2020,30.0
SAN DIEGO OF CONTINUING ED,2021,13.0
SAN DIEGO OF CONTINUING ED,2022,2388.0
SAN DIEGO OF CONTINUING ED,2023,2505.0
SAN JOAQUIN DELTA,2004,382.0
SAN JOAQUIN DELTA,2005,340.0
SAN JOAQUIN DELTA,2006,374.0
SAN JOAQUIN DELTA,2007,339.0
SAN JOAQUIN DELTA,2008,487.0
SAN JOAQUIN DELTA,2009,458.0
SAN JOAQUIN DELTA,2010,449.0
SAN JOAQUIN DELTA,2011,401.0
SAN JOAQUIN DELTA,2012,359.0
SAN JOAQUIN DELTA,2013,274.0
SAN JOAQUIN DELTA,2014,316.0
SAN JOAQUIN DELTA,2015,259.0
SAN JOAQUIN DELTA,2016,186.0
SAN JOAQUIN DELTA,2017,259.0
SAN JOAQUIN DELTA,2018,671.0
SAN JOAQUIN DELTA,2019,571.0
SAN JOAQUIN DELTA,2020,439.0
SAN JOAQUIN DELTA,2021,313.0
SAN JOAQUIN DELTA,2022,715.0
SAN JOAQUIN DELTA,2023,714.0
SAN JOAQUIN DELTA,2024,809.0
SAN JOSE CITY,2004,875.0
SAN JOSE CITY,2005,697.0
SAN JOSE CITY,2006,665.0
SAN JOSE CITY,2007,609.0
SAN JOSE CITY,2008,52.0
SAN JOSE CITY,2009,48.0
SAN JOSE CITY,2010,35.0
SAN JOSE CITY,2011,25.0
SAN JOSE CITY,2012,15.0
SAN JOSE CITY,2013,13.0
SAN JOSE CITY,2014,14.0
SAN JOSE CITY,2015,11.0
SAN JOSE CITY,2016,11.0
SAN JOSE CITY,2017,23.0
SAN JOSE CITY,2018,319.0
SAN JOSE CITY,2019,97.0
SAN JOSE CITY,2022,781.0
SAN JOSE CITY,2023,737.0
SAN JOSE CITY,2024,667.0
SAN MATEO,2004,79.0
SAN MATEO,2005,67.0
SAN MATEO,2006,73.0
SAN MATEO,2007,29.0
SAN MATEO,2008,120.0
SAN MATEO,2009,109.0
SAN MATEO,2010,93.0
SAN MATEO,2011,93.0
SAN MATEO,2012,93.0
SAN MATEO,2013,84.0
SAN MATEO,2014,78.0
SAN MATEO,2015,75.0
SAN MATEO,2016,67.0
SAN MATEO,2017,89.0
SAN MATEO,2018,83.0
SAN MATEO,2019,1.0
SAN MATEO,2020,8.0
SAN MATEO,2021,3.0
SAN MATEO,2022,395.0
SAN MATEO,2023,498.0
SAN MATEO,2024,594.0
SANTA ANA,2004,118.0
SANTA ANA,2005,128.0
SANTA ANA,2006,117.0
SANTA ANA,2007,95.0
SANTA ANA,2008,66.0
SANTA ANA,2009,55.0
SANTA ANA,2010,48.0
SANTA ANA,2011,61.0
SANTA ANA,2012,54.0
SANTA ANA,2013,36.0
SANTA ANA,2014,36.0
SANTA ANA,2015,34.0
SANTA ANA,2016,41.0
SANTA ANA,2017,36.0
SANTA ANA,2018,132.0
SANTA ANA,2019,140.0
SANTA ANA,2020,100.0
SANTA ANA,2021,68.0
SANTA ANA,2022,1332.0
SANTA ANA,2023,1409.0
SANTA ANA,2024,1318.0
SANTA BARBARA CITY,2004,200.0
SANTA BARBARA CITY,2005,178.0
SANTA BARBARA CITY,2006,146.0
SANTA BARBARA CITY,2007,125.0
SANTA BARBARA CITY,2008,67.0
SANTA BARBARA CITY,2009,18.0
SANTA BARBARA CITY,2010,3494.0
SANTA BARBARA CITY,2011,3510.0
SANTA BARBARA CITY,2012,393.0
SANTA BARBARA CITY,2013,301.0
SANTA BARBARA CITY,2014,311.0
SANTA BARBARA CITY,2015,223.0
SANTA BARBARA CITY,2016,123.0
SANTA BARBARA CITY,2017,111.0
SANTA BARBARA CITY,2018,789.0
SANTA BARBARA CITY,2019,591.0
SANTA BARBARA CITY,2020,396.0
SANTA BARBARA CITY,2021,307.0
SANTA BARBARA CITY,2022,446.0
SANTA BARBARA CITY,2023,448.0
SANTA BARBARA CITY,2024,395.0
SANTA MONICA,2004,12.0
SANTA MONICA,2005,4.0
SANTA MONICA,2006,4.0
SANTA MONICA,2008,16.0
SANTA MONICA,2009,23.0
SANTA MONICA,2010,25.0
SANTA MONICA,2011,33.0
SANTA MONICA,2012,23.0
SANTA MONICA,2013,24.0
SANTA MONICA,2014,20.0
SANTA MONICA,2015,17.0
SANTA MONICA,2016,22.0
SANTA MONICA,2017,23.0
SANTA MONICA,2018,413.0
SANTA MONICA,2019,341.0
SANTA MONICA,2020,250.0
SANTA MONICA,2021,191.0
SANTA MONICA,2022,1251.0
SANTA MONICA,2023,1248.0
SANTA MONICA,2024,1171.0
SANTA ROSA JUNIOR,2004,292.0
SANTA ROSA JUNIOR,2005,219.0
SANTA ROSA JUNIOR,2006,181.0
SANTA ROSA JUNIOR,2007,902.0
SANTA ROSA JUNIOR,2008,35149.0
SANTA ROSA JUNIOR,2009,36192.0
SANTA ROSA JUNIOR,2010,34611.0
SANTA ROSA JUNIOR,2011,33606.0
SANTA ROSA JUNIOR,2012,298.0
SANTA ROSA JUNIOR,2013,245.0
SANTA ROSA JUNIOR,2014,234.0
SANTA ROSA JUNIOR,2015,191.0
SANTA ROSA JUNIOR,2016,209.0
SANTA ROSA JUNIOR,2017,229.0
SANTA ROSA JUNIOR,2018,956.0
SANTA ROSA JUNIOR,2019,861.0
SANTA ROSA JUNIOR,2020,386.0
SANTA ROSA JUNIOR,2021,411.0
SANTA ROSA JUNIOR,2022,704.0
SANTA ROSA JUNIOR,2023,652.0
SANTA ROSA JUNIOR,2024,620.0
SANTIAGO CANYON,2004,413.0
SANTIAGO CANYON,2005,388.0
SANTIAGO CANYON,2006,359.0
SANTIAGO CANYON,2007,324.0
SANTIAGO CANYON,2008,36108.0
SANTIAGO CANYON,2009,33371.0
SANTIAGO CANYON,2010,31602.0
SANTIAGO CANYON,2011,28156.0
SANTIAGO CANYON,2012,73.0
SANTIAGO CANYON,2013,92.0
SANTIAGO CANYON,2014,118.0
SANTIAGO CANYON,2015,2015.0
SANTIAGO CANYON,2016,1816.0
SANTIAGO CANYON,2017,1625.0
SANTIAGO CANYON,2018,2855.0
SANTIAGO CANYON,2019,2621.0
SANTIAGO CANYON,2020,1206.0
SANTIAGO CANYON,2021,1231.0
SANTIAGO CANYON,2022,523.0
SANTIAGO CANYON,2023,557.0
SANTIAGO CANYON,2024,593.0
SEQUOIAS,2004,84.0
SEQUOIAS,2005,82.0
SEQUOIAS,2006,77.0
SEQUOIAS,2007,70.0
SEQUOIAS,2008,13906.0
SEQUOIAS,2009,22473.0
SEQUOIAS,2010,20914.0
SEQUOIAS,2011,20246.0
SEQUOIAS,2012,1918.0
SEQUOIAS,2013,1910.0
SEQUOIAS,2014,1909.0
SEQUOIAS,2015,1326.0
SEQUOIAS,2016,931.0
SEQUOIAS,2017,792.0
SEQUOIAS,2018,199.0
SEQUOIAS,2019,169.0
SEQUOIAS,2020,118.0
SEQUOIAS,2021,90.0
SEQUOIAS,2022,249.0
SEQUOIAS,2023,252.0
SEQUOIAS,2024,232.0
SHASTA,2004,36.0
SHASTA,2005,20.0
SHASTA,2006,21.0
SHASTA,2007,19.0
SHASTA,2008,13695.0
SHASTA,2009,13887.0
SHASTA,2010,13950.0
SHASTA,2011,11970.0
SHASTA,2012,327.0
SHASTA,2013,350.0
SHASTA,2014,426.0
SHASTA,2015,556.0
SHASTA,2016,615.0
SHASTA,2017,603.0
SHASTA,2018,142.0
SHASTA,2019,144.0
SHASTA,2020,98.0
SHASTA,2021,72.0
SHASTA,2022,6.0
SHASTA,2023,5.0
SHASTA,2024,5.0
SIERRA,2004,10943.0
SIERRA,2005,10494.0
SIERRA,2006,10960.0
SIERRA,2007,12014.0
SIERRA,2008,16.0
SIERRA,2009,25.0
SIERRA,2010,24.0
SIERRA,2011,16.0
SIERRA,2012,9.0
SIERRA,2013,9.0
SIERRA,2014,10.0
SIERRA,2015,5.0
SIERRA,2016,11.0
SIERRA,2017,11.0
SIERRA,2018,429.0
SIERRA,2019,397.0
SIERRA,2020,312.0
SIERRA,2021,288.0
SIERRA,2022,507.0
SIERRA,2023,514.0
SIERRA,2024,559.0
SISKIYOUS,2004,9908.0
SISKIYOUS,2005,9814.0
SISKIYOUS,2006,10135.0
SISKIYOUS,2007,10514.0
SISKIYOUS,2010,1.0
SISKIYOUS,2011,1.0
SISKIYOUS,2012,8866.0
SISKIYOUS,2013,8890.0
SISKIYOUS,2014,8697.0
SISKIYOUS,2015,9130.0
SISKIYOUS,2016,9779.0
SISKIYOUS,2017,9713.0
SISKIYOUS,2018,18.0
SISKIYOUS,2019,14.0
SISKIYOUS,2020,7.0
SISKIYOUS,2021,7.0
SISKIYOUS,2022,19.0
SISKIYOUS,2023,63.0
SISKIYOUS,2024,69.0
SKYLINE,2004,77.0
SKYLINE,2005,81.0
SKYLINE,2006,94.0
SKYLINE,2007,110.0
SKYLINE,2008,31.0
SKYLINE,2009,33.0
SKYLINE,2010,27.0
SKYLINE,2011,25.0
SKYLINE,2012,17433.0
SKYLINE,2013,17530.0
SKYLINE,2014,17712.0
SKYLINE,2015,17502.0
SKYLINE,2016,17211.0
SKYLINE,2017,17758.0
SKYLINE,2018,94.0
SKYLINE,2019,112.0
SKYLINE,2020,92.0
SKYLINE,2021,84.0
SKYLINE,2022,450.0
SKYLINE,2023,513.0
SKYLINE,2024,513.0
SOLANO,2004,2.0
SOLANO,2005,4.0
SOLANO,2006,5.0
SOLANO,2007,4.0
SOLANO,2008,5.0
SOLANO,2009,3.0
SOLANO,2010,1.0
SOLANO,2011,5.0
SOLANO,2012,2527.0
SOLANO,2013,2502.0
SOLANO,2014,2585.0
SOLANO,2015,2412.0
SOLANO,2016,2552.0
SOLANO,2017,2502.0
SOLANO,2018,5.0
SOLANO,2019,5.0
SOLANO,2020,1.0
SOLANO,2022,212.0
SOLANO,2023,212.0
SOLANO,2024,233.0
SOUTHWESTERN,2004,46.0
SOUTHWESTERN,2005,68.0
SOUTHWESTERN,2006,67.0
SOUTHWESTERN,2007,79.0
SOUTHWESTERN,2008,65.0
SOUTHWESTERN,2009,52.0
SOUTHWESTERN,2010,49.0
SOUTHWESTERN,2011,48.0
SOUTHWESTERN,2012,8367.0
SOUTHWESTERN,2013,8834.0
SOUTHWESTERN,2014,8717.0
SOUTHWESTERN,2015,8570.0
SOUTHWESTERN,2016,8305.0
SOUTHWESTERN,2017,8029.0
SOUTHWESTERN,2018,55.0
SOUTHWESTERN,2019,50.0
SOUTHWESTERN,2020,47.0
SOUTHWESTERN,2021,50.0
SOUTHWESTERN,2022,466.0
SOUTHWESTERN,2023,466.0
SOUTHWESTERN,2024,390.0
TAFT,2004,12225.0
TAFT,2005,12615.0
TAFT,2006,11402.0
TAFT,2007,11681.0
TAFT,2008,18.0
TAFT,2009,19.0
TAFT,2010,17.0
TAFT,2011,14.0
TAFT,2012,13.0
TAFT,2013,22.0
TAFT,2014,37.0
TAFT,2015,49.0
TAFT,2016,52.0
TAFT,2017,55.0
TAFT,2018,340.0
TAFT,2019,313.0
TAFT,2020,295.0
TAFT,2021,250.0
TAFT,2022,337.0
TAFT,2023,283.0
TAFT,2024,392.0
VENTURA,2004,396.0
VENTURA,2005,406.0
VENTURA,2006,477.0
VENTURA,2007,493.0
VENTURA,2008,55.0
VENTURA,2009,61.0
VENTURA,2010,30.0
VENTURA,2011,30.0
VENTURA,2012,17861.0
VENTURA,2013,17869.0
VENTURA,2014,18515.0
VENTURA,2015,18439.0
VENTURA,2016,18449.0
VENTURA,2017,18186.0
VENTURA,2018,1317.0
VENTURA,2019,1299.0
VENTURA,2020,853.0
VENTURA,2021,566.0
VENTURA,2022,226.0
VENTURA,2023,235.0
VENTURA,2024,218.0
VICTOR VALLEY,2004,1283.0
VICTOR VALLEY,2005,1480.0
VICTOR VALLEY,2006,1672.0
VICTOR VALLEY,2007,1779.0
VICTOR VALLEY,2008,103.0
VICTOR VALLEY,2009,37.0
VICTOR VALLEY,2010,3.0
VICTOR VALLEY,2011,3.0
VICTOR VALLEY,2012,5005.0
VICTOR VALLEY,2013,5037.0
VICTOR VALLEY,2014,4772.0
VICTOR VALLEY,2015,4136.0
VICTOR VALLEY,2016,4843.0
VICTOR VALLEY,2017,4968.0
VICTOR VALLEY,2018,3.0
VICTOR VALLEY,2019,2.0
VICTOR VALLEY,2020,1.0
VICTOR VALLEY,2021,4.0
VICTOR VALLEY,2022,254.0
VICTOR VALLEY,2023,286.0
VICTOR VALLEY,2024,274.0
WEST HILLS COALINGA,2004,1250.0
WEST HILLS COALINGA,2005,1129.0
WEST HILLS COALINGA,2006,1261.0
WEST HILLS COALINGA,2007,1430.0
WEST HILLS COALINGA,2008,105.0
WEST HILLS COALINGA,2009,72.0
WEST HILLS COALINGA,2010,68.0
WEST HILLS COALINGA,2011,53.0
WEST HILLS COALINGA,2012,2296.0
WEST HILLS COALINGA,2013,2729.0
WEST HILLS COALINGA,2014,2372.0
WEST HILLS COALINGA,2015,2395.0
WEST HILLS COALINGA,2016,3323.0
WEST HILLS COALINGA,2017,3347.0
WEST HILLS COALINGA,2018,5.0
WEST HILLS COALINGA,2019,3.0
WEST HILLS COALINGA,2020,3.0
WEST HILLS COALINGA,2021,3.0
WEST HILLS COALINGA,2022,111.0
WEST HILLS COALINGA,2023,125.0
WEST HILLS COALINGA,2024,144.0
WEST HILLS LEMOORE,2004,9.0
WEST HILLS LEMOORE,2005,12.0
WEST HILLS LEMOORE,2006,9.0
WEST HILLS LEMOORE,2007,15.0
WEST HILLS LEMOORE,2008,4371.0
WEST HILLS LEMOORE,2009,4278.0
WEST HILLS LEMOORE,2010,4349.0
WEST HILLS LEMOORE,2011,4470.0
WEST HILLS LEMOORE,2012,2123.0
WEST HILLS LEMOORE,2013,2615.0
WEST HILLS LEMOORE,2014,2592.0
WEST HILLS LEMOORE,2015,2354.0
WEST HILLS LEMOORE,2016,2243.0
WEST HILLS LEMOORE,2017,2514.0
WEST HILLS LEMOORE,2018,11.0
WEST HILLS LEMOORE,2019,8.0
WEST HILLS LEMOORE,2020,7.0
WEST HILLS LEMOORE,2021,12.0
WEST HILLS LEMOORE,2022,108.0
WEST HILLS LEMOORE,2023,110.0
WEST HILLS LEMOORE,2024,118.0
WEST LOS ANGELES,2004,224.0
WEST LOS ANGELES,2005,235.0
WEST LOS ANGELES,2006,355.0
WEST LOS ANGELES,2007,382.0
WEST LOS ANGELES,2008,62.0
WEST LOS ANGELES,2009,58.0
WEST LOS ANGELES,2010,46.0
WEST LOS ANGELES,2011,53.0
WEST LOS ANGELES,2012,39.0
WEST LOS ANGELES,2013,40.0
WEST LOS ANGELES,2014,42.0
WEST LOS ANGELES,2015,69.0
WEST LOS ANGELES,2016,64.0
WEST LOS ANGELES,2017,95.0
WEST LOS ANGELES,2018,513.0
WEST LOS ANGELES,2019,433.0
WEST LOS ANGELES,2020,359.0
WEST LOS ANGELES,2021,303.0
WEST LOS ANGELES,2022,475.0
WEST LOS ANGELES,2023,496.0
WEST LOS ANGELES,2024,410.0
WEST VALLEY,2004,8.0
WEST VALLEY,2005,3.0
WEST VALLEY,2006,3.0
WEST VALLEY,2007,3.0
WEST VALLEY,2008,24.0
WEST VALLEY,2009,29.0
WEST VALLEY,2010,23.0
WEST VALLEY,2011,17.0
WEST VALLEY,2012,12152.0
WEST VALLEY,2013,11569.0
WEST VALLEY,2014,11602.0
WEST VALLEY,2015,11575.0
WEST VALLEY,2016,11627.0
WEST VALLEY,2017,11873.0
WEST VALLEY,2018,304.0
WEST VALLEY,2019,299.0
WEST VALLEY,2020,225.0
WEST VALLEY,2021,216.0
WEST VALLEY,2022,526.0
WEST VALLEY,2023,505.0
WEST VALLEY,2024,581.0
WOODLAND,2004,869.0
WOODLAND,2005,887.0
WOODLAND,2006,824.0
WOODLAND,2007,855.0
WOODLAND,2008,41.0
WOODLAND,2009,31.0
WOODLAND,2010,30.0
WOODLAND,2011,34.0
WOODLAND,2012,9575.0
WOODLAND,2013,9708.0
WOODLAND,2014,9651.0
WOODLAND,2015,9835.0
WOODLAND,2016,11099.0
WOODLAND,2017,10769.0
WOODLAND,2018,830.0
WOODLAND,2019,840.0
WOODLAND,2020,745.0
WOODLAND,2021,671.0
WOODLAND,2022,181.0
WOODLAND,2023,172.0
WOODLAND,2024,164.0
YUBA,2004,1013.0
YUBA,2005,786.0
YUBA,2006,804.0
YUBA,2007,859.0
YUBA,2008,26.0
YUBA,2009,22.0
YUBA,2010,22.0
YUBA,2011,24.0
YUBA,2012,10953.0
YUBA,2013,10218.0
YUBA,2014,10058.0
YUBA,2015,9949.0
YUBA,2016,9452.0
YUBA,2017,6634.0
YUBA,2018,548.0
YUBA,2019,603.0
YUBA,2020,510.0
YUBA,2021,473.0
YUBA,2022,247.0
YUBA,2023,225.0
YUBA,2024,251.0
