cc_name,uc_campus,cc_uc_distance_miles,cc_uc_drive_hours
ALLAN HANCOCK,Berkeley,264.32,4.18
ALLAN HANCOCK,Davis,317.68,4.88
ALLAN HANCOCK,Irvine,198.49,3.27
ALLAN HANCOCK,Los Angeles,162.75,2.72
ALLAN HANCOCK,Merced,230.16,3.83
ALLAN HANCOCK,Riverside,213.58,3.57
ALLAN HANCOCK,San Diego,295.66,4.68
ALLAN HANCOCK,University of California-San Francisco,267.79,4.22
ALLAN HANCOCK,Santa Barbara,66.67,1.16
ALLAN HANCOCK,Santa Cruz,200.09,3.27
AMERICAN RIVER,Berkeley,89.16,1.62
AMERICAN RIVER,Davis,24.91,0.5
AMERICAN RIVER,Irvine,439.14,6.88
AMERICAN RIVER,Los Angeles,398.2,6.26
AMERICAN RIVER,Merced,126.49,2.14
AMERICAN RIVER,Riverside,448.84,7.1
AMERICAN RIVER,San Diego,530.92,8.26
AMERICAN RIVER,University of California-San Francisco,99.77,1.74
AMERICAN RIVER,Santa Barbara,407.06,6.38
AMERICAN RIVER,Santa Cruz,159.16,2.66
ANTELOPE VALLEY,Berkeley,353.26,5.68
ANTELOPE VALLEY,Davis,376.11,5.97
ANTELOPE VALLEY,Irvine,115.11,2.07
ANTELOPE VALLEY,Los Angeles,74.17,1.45
ANTELOPE VALLEY,Merced,257.31,4.17
ANTELOPE VALLEY,Riverside,89.5,1.81
ANTELOPE VALLEY,San Diego,184.83,3.03
ANTELOPE VALLEY,University of California-San Francisco,364.19,5.84
ANTELOPE VALLEY,Santa Barbara,117.9,2.18
ANTELOPE VALLEY,Santa Cruz,323.96,5.36
BAKERSFIELD,Berkeley,277.33,4.46
BAKERSFIELD,Davis,300.17,4.75
BAKERSFIELD,Irvine,153.33,2.49
BAKERSFIELD,Los Angeles,112.39,1.85
BAKERSFIELD,Merced,169.8,2.74
BAKERSFIELD,Riverside,163.03,2.73
BAKERSFIELD,San Diego,232.67,3.57
BAKERSFIELD,University of California-San Francisco,288.26,4.63
BAKERSFIELD,Santa Barbara,153.75,2.52
BAKERSFIELD,Santa Cruz,248.02,4.15
BARSTOW,Berkeley,406.21,6.53
BARSTOW,Davis,420.57,6.67
BARSTOW,Irvine,115.22,1.87
BARSTOW,Los Angeles,111.1,1.74
BARSTOW,Merced,298.51,4.75
BARSTOW,Riverside,91.48,1.57
BARSTOW,San Diego,177.93,2.69
BARSTOW,University of California-San Francisco,417.14,6.69
BARSTOW,Santa Barbara,213.91,3.28
BARSTOW,Santa Cruz,376.9,6.24
BERKELEY CITY,Berkeley,1.93,0.21
BERKELEY CITY,Davis,63.34,1.14
BERKELEY CITY,Irvine,419.27,6.67
BERKELEY CITY,Los Angeles,378.33,6.05
BERKELEY CITY,Merced,128.24,2.31
BERKELEY CITY,Riverside,428.97,6.89
BERKELEY CITY,San Diego,511.05,8.07
BERKELEY CITY,University of California-San Francisco,16.15,0.57
BERKELEY CITY,Santa Barbara,327.23,5.3
BERKELEY CITY,Santa Cruz,78.5,1.53
BUTTE,Berkeley,154.99,2.66
BUTTE,Davis,90.74,1.53
BUTTE,Irvine,507.38,7.98
BUTTE,Los Angeles,466.44,7.37
BUTTE,Merced,198.3,3.3
BUTTE,Riverside,517.08,8.18
BUTTE,San Diego,577.1,8.98
BUTTE,University of California-San Francisco,165.59,2.77
BUTTE,Santa Barbara,472.88,7.4
BUTTE,Santa Cruz,224.99,3.68
CABRILLO,Berkeley,82.07,1.55
CABRILLO,Davis,136.34,2.27
CABRILLO,Irvine,380.47,6.1
CABRILLO,Los Angeles,352.81,5.61
CABRILLO,Merced,124.84,2.33
CABRILLO,Riverside,390.17,6.31
CABRILLO,San Diego,472.25,7.54
CABRILLO,University of California-San Francisco,78.3,1.45
CABRILLO,Santa Barbara,256.73,4.08
CABRILLO,Santa Cruz,10.71,0.35
CANADA,Berkeley,43.12,0.96
CANADA,Davis,101.23,1.73
CANADA,Irvine,407.37,6.4
CANADA,Los Angeles,366.42,5.78
CANADA,Merced,141.78,2.45
CANADA,Riverside,417.06,6.61
CANADA,San Diego,499.14,7.81
CANADA,University of California-San Francisco,28.77,0.64
CANADA,Santa Barbara,306.08,4.82
CANADA,Santa Cruz,50.05,0.98
CERRITOS,Berkeley,390.15,6.35
CERRITOS,Davis,412.99,6.65
CERRITOS,Irvine,27.1,0.51
CERRITOS,Los Angeles,15.6,0.39
CERRITOS,Merced,294.2,4.83
CERRITOS,Riverside,56.04,1.23
CERRITOS,San Diego,96.81,1.49
CERRITOS,University of California-San Francisco,401.08,6.51
CERRITOS,Santa Barbara,124.86,2.11
CERRITOS,Santa Cruz,360.84,6.06
CERRO COSO,Berkeley,392.65,6.39
CERRO COSO,Davis,415.5,6.69
CERRO COSO,Irvine,165.05,2.92
CERRO COSO,Los Angeles,160.93,2.75
CERRO COSO,Merced,284.95,4.61
CERRO COSO,Riverside,132.48,2.4
CERRO COSO,San Diego,222.32,3.73
CERRO COSO,University of California-San Francisco,403.58,6.56
CERRO COSO,Santa Barbara,225.88,3.78
CERRO COSO,Santa Cruz,363.35,6.1
CHABOT,Berkeley,24.34,0.62
CHABOT,Davis,84.06,1.45
CHABOT,Irvine,408.87,6.5
CHABOT,Los Angeles,367.93,5.88
CHABOT,Merced,117.84,2.15
CHABOT,Riverside,418.57,6.72
CHABOT,San Diego,500.65,7.91
CHABOT,University of California-San Francisco,34.61,0.76
CHABOT,Santa Barbara,308.03,4.89
CHABOT,Santa Cruz,59.3,1.16
CHAFFEY,Berkeley,408.65,6.55
CHAFFEY,Davis,431.5,6.84
CHAFFEY,Irvine,54.3,0.96
CHAFFEY,Los Angeles,39.63,0.7
CHAFFEY,Merced,312.7,5.02
CHAFFEY,Riverside,28.78,0.76
CHAFFEY,San Diego,115.23,1.78
CHAFFEY,University of California-San Francisco,419.58,6.7
CHAFFEY,Santa Barbara,142.61,2.27
CHAFFEY,Santa Cruz,379.35,6.25
CITRUS,Berkeley,390.57,6.29
CITRUS,Davis,413.41,6.59
CITRUS,Irvine,44.12,0.84
CITRUS,Los Angeles,21.54,0.44
CITRUS,Merced,294.62,4.77
CITRUS,Riverside,40.04,0.98
CITRUS,San Diego,109.68,1.76
CITRUS,University of California-San Francisco,401.5,6.46
CITRUS,Santa Barbara,124.53,2.02
CITRUS,Santa Cruz,361.26,5.99
CITY OF SAN FRANCISCO,Berkeley,19.5,0.63
CITY OF SAN FRANCISCO,Davis,77.61,1.4
CITY OF SAN FRANCISCO,Irvine,430.84,6.87
CITY OF SAN FRANCISCO,Los Angeles,389.9,6.24
CITY OF SAN FRANCISCO,Merced,139.81,2.47
CITY OF SAN FRANCISCO,Riverside,440.54,7.08
CITY OF SAN FRANCISCO,San Diego,522.62,8.25
CITY OF SAN FRANCISCO,University of California-San Francisco,3.74,0.25
CITY OF SAN FRANCISCO,Santa Barbara,330.51,5.22
CITY OF SAN FRANCISCO,Santa Cruz,74.48,1.35
CLOVIS,Berkeley,186.75,3.26
CLOVIS,Davis,205.25,3.57
CLOVIS,Irvine,275.82,4.48
CLOVIS,Los Angeles,234.88,3.86
CLOVIS,Merced,63.82,1.22
CLOVIS,Riverside,285.52,4.69
CLOVIS,San Diego,367.6,5.87
CLOVIS,University of California-San Francisco,200.38,3.53
CLOVIS,Santa Barbara,248.58,4.16
CLOVIS,Santa Cruz,162.15,3.04
WEST HILLS COALINGA,Berkeley,185.14,3.0
WEST HILLS COALINGA,Davis,207.99,3.32
WEST HILLS COALINGA,Irvine,245.51,3.87
WEST HILLS COALINGA,Los Angeles,204.57,3.24
WEST HILLS COALINGA,Merced,105.35,1.92
WEST HILLS COALINGA,Riverside,255.21,4.07
WEST HILLS COALINGA,San Diego,337.29,5.26
WEST HILLS COALINGA,University of California-San Francisco,196.07,3.16
WEST HILLS COALINGA,Santa Barbara,199.86,3.34
WEST HILLS COALINGA,Santa Cruz,145.56,2.73
COASTLINE BEAUTY,Berkeley,412.45,6.67
COASTLINE BEAUTY,Davis,435.3,6.97
COASTLINE BEAUTY,Irvine,9.23,0.28
COASTLINE BEAUTY,Los Angeles,34.43,0.74
COASTLINE BEAUTY,Merced,316.5,5.14
COASTLINE BEAUTY,Riverside,46.21,1.29
COASTLINE BEAUTY,San Diego,78.95,1.26
COASTLINE BEAUTY,University of California-San Francisco,423.38,6.83
COASTLINE BEAUTY,Santa Barbara,141.0,2.35
COASTLINE BEAUTY,Santa Cruz,383.15,6.39
COASTLINE,Berkeley,412.47,6.64
COASTLINE,Davis,435.32,6.94
COASTLINE,Irvine,8.74,0.26
COASTLINE,Los Angeles,35.35,0.69
COASTLINE,Merced,316.53,5.12
COASTLINE,Riverside,50.32,1.3
COASTLINE,San Diego,78.46,1.23
COASTLINE,University of California-San Francisco,423.41,6.8
COASTLINE,Santa Barbara,141.02,2.33
COASTLINE,Santa Cruz,383.17,6.36
ALAMEDA,Berkeley,8.95,0.39
ALAMEDA,Davis,70.01,1.21
ALAMEDA,Irvine,416.24,6.62
ALAMEDA,Los Angeles,375.3,5.99
ALAMEDA,Merced,125.21,2.25
ALAMEDA,Riverside,425.94,6.84
ALAMEDA,San Diego,508.02,8.01
ALAMEDA,University of California-San Francisco,16.99,0.53
ALAMEDA,Santa Barbara,323.37,5.19
ALAMEDA,Santa Cruz,74.63,1.44
MARIN,Berkeley,20.93,0.64
MARIN,Davis,72.65,1.3
MARIN,Irvine,437.13,6.92
MARIN,Los Angeles,396.18,6.3
MARIN,Merced,146.09,2.51
MARIN,Riverside,446.82,7.14
MARIN,San Diego,528.9,8.3
MARIN,University of California-San Francisco,17.42,0.49
MARIN,Santa Barbara,345.15,5.56
MARIN,Santa Cruz,96.42,1.78
SAN MATEO,Berkeley,39.75,0.85
SAN MATEO,Davis,94.66,1.67
SAN MATEO,Irvine,415.69,6.52
SAN MATEO,Los Angeles,374.74,5.9
SAN MATEO,Merced,133.25,2.34
SAN MATEO,Riverside,425.38,6.74
SAN MATEO,San Diego,507.46,7.93
SAN MATEO,University of California-San Francisco,23.86,0.57
SAN MATEO,Santa Barbara,314.41,4.94
SAN MATEO,Santa Cruz,58.37,1.1
CANYONS,Berkeley,341.31,5.4
CANYONS,Davis,364.15,5.69
CANYONS,Irvine,81.4,1.43
CANYONS,Los Angeles,43.05,0.76
CANYONS,Merced,245.36,3.91
CANYONS,Riverside,88.15,1.63
CANYONS,San Diego,147.33,2.37
CANYONS,University of California-San Francisco,352.24,5.55
CANYONS,Santa Barbara,85.75,1.49
CANYONS,Santa Cruz,312.0,5.08
DESERT,Berkeley,491.92,7.85
DESERT,Davis,514.76,8.18
DESERT,Irvine,109.29,2.02
DESERT,Los Angeles,116.83,1.89
DESERT,Merced,395.97,6.36
DESERT,Riverside,65.05,1.26
DESERT,San Diego,116.89,2.24
DESERT,University of California-San Francisco,502.85,8.03
DESERT,Santa Barbara,225.87,3.54
DESERT,Santa Cruz,462.61,7.58
REDWOODS,Berkeley,264.85,4.67
REDWOODS,Davis,275.62,4.97
REDWOODS,Irvine,681.04,11.24
REDWOODS,Los Angeles,640.09,10.3
REDWOODS,Merced,390.01,6.54
REDWOODS,Riverside,690.74,11.11
REDWOODS,San Diego,750.75,12.43
REDWOODS,University of California-San Francisco,262.84,4.61
REDWOODS,Santa Barbara,589.07,9.58
REDWOODS,Santa Cruz,340.33,5.82
SEQUOIAS,Berkeley,228.55,3.68
SEQUOIAS,Davis,251.4,3.98
SEQUOIAS,Irvine,227.53,3.73
SEQUOIAS,Los Angeles,186.59,3.1
SEQUOIAS,Merced,101.07,1.64
SEQUOIAS,Riverside,237.23,3.94
SEQUOIAS,San Diego,319.31,5.11
SEQUOIAS,University of California-San Francisco,239.48,3.84
SEQUOIAS,Santa Barbara,227.94,3.8
SEQUOIAS,Santa Cruz,204.09,3.46
SISKIYOUS,Berkeley,276.13,4.52
SISKIYOUS,Davis,223.41,3.61
SISKIYOUS,Irvine,656.56,10.31
SISKIYOUS,Los Angeles,615.62,9.68
SISKIYOUS,Merced,347.47,5.64
SISKIYOUS,Riverside,666.26,10.49
SISKIYOUS,San Diego,726.28,11.32
SISKIYOUS,University of California-San Francisco,286.74,4.64
SISKIYOUS,Santa Barbara,594.02,9.3
SISKIYOUS,Santa Cruz,346.13,5.58
COLUMBIA,Berkeley,127.23,2.45
COLUMBIA,Davis,106.18,2.1
COLUMBIA,Irvine,377.78,6.29
COLUMBIA,Los Angeles,336.84,5.67
COLUMBIA,Merced,58.69,1.23
COLUMBIA,Riverside,387.48,6.51
COLUMBIA,San Diego,469.56,7.71
COLUMBIA,University of California-San Francisco,138.16,2.62
COLUMBIA,Santa Barbara,350.54,6.09
COLUMBIA,Santa Cruz,157.84,3.01
COMPTON,Berkeley,392.19,6.35
COMPTON,Davis,415.04,6.65
COMPTON,Irvine,31.04,0.6
COMPTON,Los Angeles,16.15,0.38
COMPTON,Merced,296.24,4.83
COMPTON,Riverside,63.25,1.31
COMPTON,San Diego,100.75,1.58
COMPTON,University of California-San Francisco,403.12,6.51
COMPTON,Santa Barbara,120.74,2.05
COMPTON,Santa Cruz,362.89,6.05
CONTRA COSTA,Berkeley,12.55,0.49
CONTRA COSTA,Davis,54.86,0.96
CONTRA COSTA,Irvine,428.75,6.76
CONTRA COSTA,Los Angeles,387.8,6.13
CONTRA COSTA,Merced,137.71,2.38
CONTRA COSTA,Riverside,438.44,6.97
CONTRA COSTA,San Diego,520.52,8.15
CONTRA COSTA,University of California-San Francisco,23.16,0.63
CONTRA COSTA,Santa Barbara,336.77,5.41
CONTRA COSTA,Santa Cruz,88.04,1.62
COPPER MOUNTAIN,Berkeley,494.17,8.06
COPPER MOUNTAIN,Davis,527.59,8.35
COPPER MOUNTAIN,Irvine,122.12,2.23
COPPER MOUNTAIN,Los Angeles,129.66,2.12
COPPER MOUNTAIN,Merced,386.47,6.35
COPPER MOUNTAIN,Riverside,77.89,1.47
COPPER MOUNTAIN,San Diego,162.27,2.58
COPPER MOUNTAIN,University of California-San Francisco,505.1,8.23
COPPER MOUNTAIN,Santa Barbara,238.71,3.76
COPPER MOUNTAIN,Santa Cruz,475.44,7.77
COSUMNES RIVER,Berkeley,89.72,1.66
COSUMNES RIVER,Davis,25.47,0.54
COSUMNES RIVER,Irvine,421.64,6.57
COSUMNES RIVER,Los Angeles,380.7,5.95
COSUMNES RIVER,Merced,108.99,1.86
COSUMNES RIVER,Riverside,431.34,6.79
COSUMNES RIVER,San Diego,513.42,7.97
COSUMNES RIVER,University of California-San Francisco,100.33,1.79
COSUMNES RIVER,Santa Barbara,384.17,6.16
COSUMNES RIVER,Santa Cruz,144.86,2.52
CRAFTON HILLS,Berkeley,440.23,7.03
CRAFTON HILLS,Davis,463.07,7.33
CRAFTON HILLS,Irvine,62.14,1.13
CRAFTON HILLS,Los Angeles,65.15,1.06
CRAFTON HILLS,Merced,344.28,5.49
CRAFTON HILLS,Riverside,23.1,0.76
CRAFTON HILLS,San Diego,107.49,1.78
CRAFTON HILLS,University of California-San Francisco,451.16,7.18
CRAFTON HILLS,Santa Barbara,174.19,2.72
CRAFTON HILLS,Santa Cruz,410.93,6.75
CUESTA,Berkeley,237.01,3.77
CUESTA,Davis,290.37,4.48
CUESTA,Irvine,236.18,3.81
CUESTA,Los Angeles,200.45,3.26
CUESTA,Merced,202.85,3.43
CUESTA,Riverside,251.28,4.06
CUESTA,San Diego,333.36,5.25
CUESTA,University of California-San Francisco,240.48,3.81
CUESTA,Santa Barbara,104.37,1.72
CUESTA,Santa Cruz,172.78,2.87
CUYAMACA,Berkeley,504.6,7.98
CUYAMACA,Davis,527.44,8.3
CUYAMACA,Irvine,94.73,1.51
CUYAMACA,Los Angeles,130.05,2.06
CUYAMACA,Merced,408.65,6.52
CUYAMACA,Riverside,103.68,1.74
CUYAMACA,San Diego,28.02,0.55
CUYAMACA,University of California-San Francisco,515.53,8.14
CUYAMACA,Santa Barbara,236.15,3.69
CUYAMACA,Santa Cruz,475.29,7.69
CYPRESS,Berkeley,396.27,6.51
CYPRESS,Davis,419.11,6.81
CYPRESS,Irvine,20.07,0.5
CYPRESS,Los Angeles,21.72,0.58
CYPRESS,Merced,300.32,4.99
CYPRESS,Riverside,47.96,1.31
CYPRESS,San Diego,89.79,1.48
CYPRESS,University of California-San Francisco,407.2,6.67
CYPRESS,Santa Barbara,127.82,2.28
CYPRESS,Santa Cruz,366.96,6.22
DE ANZA,Berkeley,55.78,1.17
DE ANZA,Davis,110.05,1.88
DE ANZA,Irvine,392.06,6.19
DE ANZA,Los Angeles,351.12,5.56
DE ANZA,Merced,131.22,2.39
DE ANZA,Riverside,401.76,6.4
DE ANZA,San Diego,483.84,7.62
DE ANZA,University of California-San Francisco,44.12,0.88
DE ANZA,Santa Barbara,290.78,4.6
DE ANZA,Santa Cruz,34.75,0.79
DIABLO VALLEY,Berkeley,17.38,0.52
DIABLO VALLEY,Davis,52.55,0.93
DIABLO VALLEY,Irvine,414.44,6.54
DIABLO VALLEY,Los Angeles,373.5,5.92
DIABLO VALLEY,Merced,123.41,2.18
DIABLO VALLEY,Riverside,424.14,6.76
DIABLO VALLEY,San Diego,506.22,7.94
DIABLO VALLEY,University of California-San Francisco,30.88,0.78
DIABLO VALLEY,Santa Barbara,332.89,5.29
DIABLO VALLEY,Santa Cruz,85.0,1.56
EAST LOS ANGELES,Berkeley,379.8,6.21
EAST LOS ANGELES,Davis,402.65,6.51
EAST LOS ANGELES,Irvine,43.42,0.85
EAST LOS ANGELES,Los Angeles,3.32,0.16
EAST LOS ANGELES,Merced,283.86,4.69
EAST LOS ANGELES,Riverside,51.96,1.19
EAST LOS ANGELES,San Diego,105.95,1.88
EAST LOS ANGELES,University of California-San Francisco,390.74,6.37
EAST LOS ANGELES,Santa Barbara,112.01,1.97
EAST LOS ANGELES,Santa Cruz,350.5,5.91
EL CAMINO,Berkeley,384.68,6.26
EL CAMINO,Davis,407.52,6.56
EL CAMINO,Irvine,36.48,0.81
EL CAMINO,Los Angeles,23.48,0.59
EL CAMINO,Merced,288.73,4.75
EL CAMINO,Riverside,64.15,1.53
EL CAMINO,San Diego,106.19,1.78
EL CAMINO,University of California-San Francisco,395.61,6.43
EL CAMINO,Santa Barbara,113.22,1.97
EL CAMINO,Santa Cruz,355.38,5.97
EVERGREEN VALLEY,Berkeley,56.13,1.15
EVERGREEN VALLEY,Davis,109.49,1.81
EVERGREEN VALLEY,Irvine,381.04,6.03
EVERGREEN VALLEY,Los Angeles,340.09,5.41
EVERGREEN VALLEY,Merced,120.2,2.24
EVERGREEN VALLEY,Riverside,390.73,6.25
EVERGREEN VALLEY,San Diego,472.81,7.47
EVERGREEN VALLEY,University of California-San Francisco,58.25,1.17
EVERGREEN VALLEY,Santa Barbara,279.75,4.44
EVERGREEN VALLEY,Santa Cruz,43.64,0.94
FEATHER RIVER,Berkeley,219.0,3.98
FEATHER RIVER,Davis,154.75,2.88
FEATHER RIVER,Irvine,571.4,9.28
FEATHER RIVER,Los Angeles,530.45,8.69
FEATHER RIVER,Merced,262.31,4.65
FEATHER RIVER,Riverside,581.09,9.5
FEATHER RIVER,San Diego,641.11,10.28
FEATHER RIVER,University of California-San Francisco,229.61,4.1
FEATHER RIVER,Santa Barbara,536.89,8.76
FEATHER RIVER,Santa Cruz,289.0,5.03
FOLSOM LAKE,Berkeley,103.25,1.87
FOLSOM LAKE,Davis,39.0,0.75
FOLSOM LAKE,Irvine,452.66,7.11
FOLSOM LAKE,Los Angeles,411.72,6.49
FOLSOM LAKE,Merced,139.29,2.35
FOLSOM LAKE,Riverside,462.36,7.32
FOLSOM LAKE,San Diego,522.38,8.14
FOLSOM LAKE,University of California-San Francisco,113.85,1.98
FOLSOM LAKE,Santa Barbara,421.14,6.61
FOLSOM LAKE,Santa Cruz,173.24,2.9
FOOTHILL,Berkeley,53.86,1.11
FOOTHILL,Davis,111.97,1.88
FOOTHILL,Irvine,397.17,6.24
FOOTHILL,Los Angeles,356.23,5.62
FOOTHILL,Merced,136.33,2.44
FOOTHILL,Riverside,406.87,6.45
FOOTHILL,San Diego,488.95,7.66
FOOTHILL,University of California-San Francisco,39.51,0.8
FOOTHILL,Santa Barbara,295.89,4.65
FOOTHILL,Santa Cruz,39.86,0.83
FRESNO CITY,Berkeley,184.29,3.2
FRESNO CITY,Davis,207.13,3.5
FRESNO CITY,Irvine,266.44,4.29
FRESNO CITY,Los Angeles,225.49,3.67
FRESNO CITY,Merced,61.7,1.09
FRESNO CITY,Riverside,276.13,4.5
FRESNO CITY,San Diego,358.21,5.68
FRESNO CITY,University of California-San Francisco,195.22,3.36
FRESNO CITY,Santa Barbara,239.19,3.98
FRESNO CITY,Santa Cruz,160.03,2.92
FULLERTON,Berkeley,412.32,6.78
FULLERTON,Davis,435.17,7.07
FULLERTON,Irvine,20.43,0.42
FULLERTON,Los Angeles,28.24,0.55
FULLERTON,Merced,316.37,5.26
FULLERTON,Riverside,41.99,1.11
FULLERTON,San Diego,85.99,1.33
FULLERTON,University of California-San Francisco,423.25,6.94
FULLERTON,Santa Barbara,134.34,2.25
FULLERTON,Santa Cruz,390.64,6.39
GAVILAN,Berkeley,82.46,1.5
GAVILAN,Davis,135.83,2.16
GAVILAN,Irvine,355.9,5.59
GAVILAN,Los Angeles,314.95,4.98
GAVILAN,Merced,95.06,1.84
GAVILAN,Riverside,365.59,5.82
GAVILAN,San Diego,447.67,7.05
GAVILAN,University of California-San Francisco,85.94,1.5
GAVILAN,Santa Barbara,252.83,3.99
GAVILAN,Santa Cruz,45.48,0.99
GLENDALE,Berkeley,369.66,6.01
GLENDALE,Davis,392.5,6.31
GLENDALE,Irvine,51.23,1.06
GLENDALE,Los Angeles,12.88,0.32
GLENDALE,Merced,273.71,4.49
GLENDALE,Riverside,60.67,1.33
GLENDALE,San Diego,117.16,2.02
GLENDALE,University of California-San Francisco,380.59,6.18
GLENDALE,Santa Barbara,103.35,1.73
GLENDALE,Santa Cruz,340.35,5.72
GOLDEN WEST,Berkeley,407.09,6.55
GOLDEN WEST,Davis,429.94,6.86
GOLDEN WEST,Irvine,13.61,0.33
GOLDEN WEST,Los Angeles,29.97,0.6
GOLDEN WEST,Merced,311.14,5.03
GOLDEN WEST,Riverside,51.17,1.35
GOLDEN WEST,San Diego,83.33,1.31
GOLDEN WEST,University of California-San Francisco,418.02,6.72
GOLDEN WEST,Santa Barbara,135.64,2.25
GOLDEN WEST,Santa Cruz,377.79,6.27
GROSSMONT,Berkeley,496.8,7.85
GROSSMONT,Davis,519.65,8.15
GROSSMONT,Irvine,86.93,1.36
GROSSMONT,Los Angeles,122.26,1.91
GROSSMONT,Merced,400.85,6.38
GROSSMONT,Riverside,95.49,1.59
GROSSMONT,San Diego,20.1,0.39
GROSSMONT,University of California-San Francisco,507.73,8.01
GROSSMONT,Santa Barbara,228.36,3.54
GROSSMONT,Santa Cruz,467.5,7.57
HARTNELL,Berkeley,106.62,1.86
HARTNELL,Davis,159.99,2.55
HARTNELL,Irvine,348.65,5.54
HARTNELL,Los Angeles,320.99,5.08
HARTNELL,Merced,115.53,2.13
HARTNELL,Riverside,358.35,5.77
HARTNELL,San Diego,440.43,7.0
HARTNELL,University of California-San Francisco,110.1,1.87
HARTNELL,Santa Barbara,224.91,3.56
HARTNELL,Santa Cruz,39.71,0.87
IMPERIAL VALLEY,Berkeley,583.23,9.44
IMPERIAL VALLEY,Davis,606.07,9.68
IMPERIAL VALLEY,Irvine,200.6,3.49
IMPERIAL VALLEY,Los Angeles,208.15,3.38
IMPERIAL VALLEY,Merced,487.28,7.92
IMPERIAL VALLEY,Riverside,156.37,2.7
IMPERIAL VALLEY,San Diego,126.39,1.99
IMPERIAL VALLEY,University of California-San Francisco,594.16,9.62
IMPERIAL VALLEY,Santa Barbara,317.19,5.05
IMPERIAL VALLEY,Santa Cruz,553.92,9.07
IRVINE VALLEY,Berkeley,413.64,6.68
IRVINE VALLEY,Davis,436.49,6.98
IRVINE VALLEY,Irvine,5.81,0.27
IRVINE VALLEY,Los Angeles,39.1,0.75
IRVINE VALLEY,Merced,317.69,5.15
IRVINE VALLEY,Riverside,43.95,1.01
IRVINE VALLEY,San Diego,70.45,1.14
IRVINE VALLEY,University of California-San Francisco,424.57,6.84
IRVINE VALLEY,Santa Barbara,145.2,2.43
IRVINE VALLEY,Santa Cruz,384.34,6.44
LAKE TAHOE,Berkeley,180.61,3.25
LAKE TAHOE,Davis,116.36,2.14
LAKE TAHOE,Irvine,487.13,8.22
LAKE TAHOE,Los Angeles,446.19,7.63
LAKE TAHOE,Merced,178.37,3.71
LAKE TAHOE,Riverside,442.4,7.72
LAKE TAHOE,San Diego,532.23,8.98
LAKE TAHOE,University of California-San Francisco,191.22,3.36
LAKE TAHOE,Santa Barbara,498.5,8.02
LAKE TAHOE,Santa Cruz,250.61,4.29
LANEY,Berkeley,7.51,0.35
LANEY,Davis,68.56,1.16
LANEY,Irvine,414.38,6.55
LANEY,Los Angeles,373.44,5.92
LANEY,Merced,123.35,2.19
LANEY,Riverside,424.08,6.77
LANEY,San Diego,506.16,7.95
LANEY,University of California-San Francisco,15.55,0.47
LANEY,Santa Barbara,321.5,5.13
LANEY,Santa Cruz,72.77,1.36
LAS POSITAS,Berkeley,34.34,0.73
LAS POSITAS,Davis,80.67,1.32
LAS POSITAS,Irvine,386.44,6.25
LAS POSITAS,Los Angeles,345.5,5.63
LAS POSITAS,Merced,95.41,1.93
LAS POSITAS,Riverside,396.14,6.47
LAS POSITAS,San Diego,478.22,7.67
LAS POSITAS,University of California-San Francisco,45.27,0.94
LAS POSITAS,Santa Barbara,312.78,5.02
LAS POSITAS,Santa Cruz,64.89,1.3
LASSEN,Berkeley,265.41,4.89
LASSEN,Davis,201.16,3.78
LASSEN,Irvine,600.2,9.84
LASSEN,Los Angeles,559.26,9.24
LASSEN,Merced,334.12,5.6
LASSEN,Riverside,555.47,9.43
LASSEN,San Diego,669.91,10.85
LASSEN,University of California-San Francisco,276.01,5.01
LASSEN,Santa Barbara,580.33,9.72
LASSEN,Santa Cruz,354.7,6.06
WEST HILLS LEMOORE,Berkeley,201.84,3.29
WEST HILLS LEMOORE,Davis,224.69,3.59
WEST HILLS LEMOORE,Irvine,243.33,3.85
WEST HILLS LEMOORE,Los Angeles,202.39,3.23
WEST HILLS LEMOORE,Merced,91.18,1.56
WEST HILLS LEMOORE,Riverside,253.03,4.05
WEST HILLS LEMOORE,San Diego,335.11,5.24
WEST HILLS LEMOORE,University of California-San Francisco,212.78,3.45
WEST HILLS LEMOORE,Santa Barbara,205.8,3.42
WEST HILLS LEMOORE,Santa Cruz,177.38,3.07
LONG BEACH CITY,Berkeley,398.51,6.44
LONG BEACH CITY,Davis,421.35,6.74
LONG BEACH CITY,Irvine,25.01,0.52
LONG BEACH CITY,Los Angeles,20.88,0.51
LONG BEACH CITY,Merced,302.56,4.92
LONG BEACH CITY,Riverside,61.7,1.32
LONG BEACH CITY,San Diego,94.72,1.49
LONG BEACH CITY,University of California-San Francisco,409.44,6.6
LONG BEACH CITY,Santa Barbara,127.05,2.14
LONG BEACH CITY,Santa Cruz,369.2,6.15
LOS ANGELES CITY,Berkeley,369.97,5.99
LOS ANGELES CITY,Davis,392.81,6.29
LOS ANGELES CITY,Irvine,49.77,1.01
LOS ANGELES CITY,Los Angeles,8.88,0.33
LOS ANGELES CITY,Merced,274.02,4.47
LOS ANGELES CITY,Riverside,61.81,1.35
LOS ANGELES CITY,San Diego,112.33,2.0
LOS ANGELES CITY,University of California-San Francisco,380.9,6.16
LOS ANGELES CITY,Santa Barbara,101.81,1.76
LOS ANGELES CITY,Santa Cruz,340.66,5.7
LOS ANGELES HARBOR,Berkeley,391.97,6.31
LOS ANGELES HARBOR,Davis,414.81,6.62
LOS ANGELES HARBOR,Irvine,36.53,0.66
LOS ANGELES HARBOR,Los Angeles,26.09,0.53
LOS ANGELES HARBOR,Merced,296.02,4.8
LOS ANGELES HARBOR,Riverside,73.19,1.42
LOS ANGELES HARBOR,San Diego,106.24,1.64
LOS ANGELES HARBOR,University of California-San Francisco,402.9,6.48
LOS ANGELES HARBOR,Santa Barbara,120.51,2.02
LOS ANGELES HARBOR,Santa Cruz,362.66,6.02
LOS ANGELES MISSION,Berkeley,353.58,5.6
LOS ANGELES MISSION,Davis,376.43,5.89
LOS ANGELES MISSION,Irvine,69.23,1.26
LOS ANGELES MISSION,Los Angeles,30.88,0.57
LOS ANGELES MISSION,Merced,257.63,4.09
LOS ANGELES MISSION,Riverside,75.99,1.46
LOS ANGELES MISSION,San Diego,135.16,2.21
LOS ANGELES MISSION,University of California-San Francisco,364.51,5.76
LOS ANGELES MISSION,Santa Barbara,103.49,1.63
LOS ANGELES MISSION,Santa Cruz,324.28,5.27
LOS ANGELES PIERCE,Berkeley,367.7,5.9
LOS ANGELES PIERCE,Davis,390.54,6.2
LOS ANGELES PIERCE,Irvine,65.34,1.37
LOS ANGELES PIERCE,Los Angeles,29.6,0.7
LOS ANGELES PIERCE,Merced,271.75,4.39
LOS ANGELES PIERCE,Riverside,80.43,1.64
LOS ANGELES PIERCE,San Diego,138.76,2.46
LOS ANGELES PIERCE,University of California-San Francisco,378.63,6.07
LOS ANGELES PIERCE,Santa Barbara,83.56,1.36
LOS ANGELES PIERCE,Santa Cruz,333.73,5.43
LOS ANGELES SOUTHWEST,Berkeley,383.94,6.24
LOS ANGELES SOUTHWEST,Davis,406.78,6.54
LOS ANGELES SOUTHWEST,Irvine,38.44,0.76
LOS ANGELES SOUTHWEST,Los Angeles,16.81,0.46
LOS ANGELES SOUTHWEST,Merced,287.99,4.73
LOS ANGELES SOUTHWEST,Riverside,65.75,1.4
LOS ANGELES SOUTHWEST,San Diego,108.16,1.74
LOS ANGELES SOUTHWEST,University of California-San Francisco,394.87,6.41
LOS ANGELES SOUTHWEST,Santa Barbara,112.48,1.94
LOS ANGELES SOUTHWEST,Santa Cruz,354.63,5.95
LOS ANGELES TRADE TECHNICAL,Berkeley,375.32,6.12
LOS ANGELES TRADE TECHNICAL,Davis,398.17,6.42
LOS ANGELES TRADE TECHNICAL,Irvine,45.26,0.85
LOS ANGELES TRADE TECHNICAL,Los Angeles,7.88,0.24
LOS ANGELES TRADE TECHNICAL,Merced,279.37,4.6
LOS ANGELES TRADE TECHNICAL,Riverside,58.37,1.25
LOS ANGELES TRADE TECHNICAL,San Diego,108.9,1.89
LOS ANGELES TRADE TECHNICAL,University of California-San Francisco,386.25,6.29
LOS ANGELES TRADE TECHNICAL,Santa Barbara,108.81,1.88
LOS ANGELES TRADE TECHNICAL,Santa Cruz,346.02,5.82
LOS ANGELES VALLEY,Berkeley,361.85,5.8
LOS ANGELES VALLEY,Davis,384.7,6.1
LOS ANGELES VALLEY,Irvine,59.37,1.22
LOS ANGELES VALLEY,Los Angeles,21.03,0.53
LOS ANGELES VALLEY,Merced,265.9,4.29
LOS ANGELES VALLEY,Riverside,71.86,1.49
LOS ANGELES VALLEY,San Diego,125.31,2.17
LOS ANGELES VALLEY,University of California-San Francisco,372.78,5.97
LOS ANGELES VALLEY,Santa Barbara,92.85,1.56
LOS ANGELES VALLEY,Santa Cruz,332.55,5.49
LOS MEDANOS,Berkeley,31.59,0.7
LOS MEDANOS,Davis,62.38,1.08
LOS MEDANOS,Irvine,402.81,6.37
LOS MEDANOS,Los Angeles,361.86,5.75
LOS MEDANOS,Merced,106.89,1.99
LOS MEDANOS,Riverside,412.5,6.58
LOS MEDANOS,San Diego,494.59,7.78
LOS MEDANOS,University of California-San Francisco,45.09,0.96
LOS MEDANOS,Santa Barbara,344.75,5.48
LOS MEDANOS,Santa Cruz,96.86,1.75
MADERA,Berkeley,161.53,2.8
MADERA,Davis,192.38,3.24
MADERA,Irvine,281.42,4.48
MADERA,Los Angeles,240.48,3.87
MADERA,Merced,42.95,0.76
MADERA,Riverside,291.12,4.69
MADERA,San Diego,373.2,5.87
MADERA,University of California-San Francisco,180.47,3.08
MADERA,Santa Barbara,254.18,4.16
MADERA,Santa Cruz,141.28,2.58
MENDOCINO,Berkeley,119.95,2.14
MENDOCINO,Davis,146.57,2.5
MENDOCINO,Irvine,536.14,8.39
MENDOCINO,Los Angeles,495.2,7.79
MENDOCINO,Merced,245.11,3.96
MENDOCINO,Riverside,545.84,8.61
MENDOCINO,San Diego,605.86,9.38
MENDOCINO,University of California-San Francisco,117.94,2.05
MENDOCINO,Santa Barbara,444.17,7.0
MENDOCINO,Santa Cruz,195.43,3.26
MERCED,Berkeley,124.19,2.14
MERCED,Davis,128.69,2.13
MERCED,Irvine,320.38,5.12
MERCED,Los Angeles,279.44,4.51
MERCED,Merced,5.33,0.18
MERCED,Riverside,330.08,5.34
MERCED,San Diego,412.16,6.55
MERCED,University of California-San Francisco,135.12,2.33
MERCED,Santa Barbara,293.14,4.81
MERCED,Santa Cruz,126.74,2.51
MERRITT,Berkeley,8.6,0.33
MERRITT,Davis,72.54,1.2
MERRITT,Irvine,412.22,6.51
MERRITT,Los Angeles,371.28,5.89
MERRITT,Merced,121.19,2.15
MERRITT,Riverside,421.92,6.73
MERRITT,San Diego,504.0,7.91
MERRITT,University of California-San Francisco,20.2,0.58
MERRITT,Santa Barbara,323.09,5.14
MERRITT,Santa Cruz,74.36,1.38
MIRACOSTA,Berkeley,462.15,7.37
MIRACOSTA,Davis,484.99,7.67
MIRACOSTA,Irvine,52.28,0.86
MIRACOSTA,Los Angeles,87.6,1.42
MIRACOSTA,Merced,366.2,5.87
MIRACOSTA,Riverside,66.28,1.34
MIRACOSTA,San Diego,27.8,0.5
MIRACOSTA,University of California-San Francisco,473.08,7.54
MIRACOSTA,Santa Barbara,193.7,3.06
MIRACOSTA,Santa Cruz,432.84,7.1
MISSION,Berkeley,353.58,5.6
MISSION,Davis,376.43,5.89
MISSION,Irvine,69.23,1.26
MISSION,Los Angeles,30.88,0.57
MISSION,Merced,257.63,4.09
MISSION,Riverside,75.99,1.46
MISSION,San Diego,135.16,2.21
MISSION,University of California-San Francisco,364.51,5.76
MISSION,Santa Barbara,103.49,1.63
MISSION,Santa Cruz,324.28,5.27
MODESTO JUNIOR,Berkeley,81.19,1.47
MODESTO JUNIOR,Davis,88.12,1.46
MODESTO JUNIOR,Irvine,358.96,5.67
MODESTO JUNIOR,Los Angeles,318.02,5.06
MODESTO JUNIOR,Merced,46.44,0.89
MODESTO JUNIOR,Riverside,368.66,5.89
MODESTO JUNIOR,San Diego,450.74,7.12
MODESTO JUNIOR,University of California-San Francisco,92.12,1.65
MODESTO JUNIOR,Santa Barbara,318.28,5.28
MODESTO JUNIOR,Santa Cruz,111.8,2.04
MONTEREY PENINSULA,Berkeley,118.12,2.02
MONTEREY PENINSULA,Davis,171.48,2.72
MONTEREY PENINSULA,Irvine,362.7,5.86
MONTEREY PENINSULA,Los Angeles,335.03,5.39
MONTEREY PENINSULA,Merced,127.03,2.29
MONTEREY PENINSULA,Riverside,372.39,6.08
MONTEREY PENINSULA,San Diego,454.47,7.31
MONTEREY PENINSULA,University of California-San Francisco,113.57,2.0
MONTEREY PENINSULA,Santa Barbara,238.96,3.87
MONTEREY PENINSULA,Santa Cruz,45.98,0.91
MOORPARK,Berkeley,376.65,5.97
MOORPARK,Davis,399.49,6.27
MOORPARK,Irvine,89.11,1.61
MOORPARK,Los Angeles,49.82,0.95
MOORPARK,Merced,280.7,4.45
MOORPARK,Riverside,101.04,1.79
MOORPARK,San Diego,153.69,2.58
MOORPARK,University of California-San Francisco,387.58,6.14
MOORPARK,Santa Barbara,75.35,1.22
MOORPARK,Santa Cruz,325.53,5.29
MORENO VALLEY,Berkeley,438.48,7.39
MORENO VALLEY,Davis,461.32,7.67
MORENO VALLEY,Irvine,56.7,1.39
MORENO VALLEY,Los Angeles,63.36,1.42
MORENO VALLEY,Merced,342.53,5.88
MORENO VALLEY,Riverside,12.47,0.61
MORENO VALLEY,San Diego,86.14,1.39
MORENO VALLEY,University of California-San Francisco,449.41,7.54
MORENO VALLEY,Santa Barbara,172.44,3.06
MORENO VALLEY,Santa Cruz,409.17,7.12
MOUNT SAN ANTONIO,Berkeley,400.88,6.47
MOUNT SAN ANTONIO,Davis,423.73,6.77
MOUNT SAN ANTONIO,Irvine,33.93,0.69
MOUNT SAN ANTONIO,Los Angeles,21.04,0.45
MOUNT SAN ANTONIO,Merced,304.93,4.95
MOUNT SAN ANTONIO,Riverside,34.91,0.92
MOUNT SAN ANTONIO,San Diego,99.49,1.61
MOUNT SAN ANTONIO,University of California-San Francisco,411.81,6.63
MOUNT SAN ANTONIO,Santa Barbara,134.84,2.21
MOUNT SAN ANTONIO,Santa Cruz,371.58,6.19
MOUNT SAN JACINTO,Berkeley,453.06,7.5
MOUNT SAN JACINTO,Davis,475.9,7.81
MOUNT SAN JACINTO,Irvine,71.29,1.5
MOUNT SAN JACINTO,Los Angeles,84.37,1.38
MOUNT SAN JACINTO,Merced,357.11,6.01
MOUNT SAN JACINTO,Riverside,27.05,0.73
MOUNT SAN JACINTO,San Diego,92.58,1.58
MOUNT SAN JACINTO,University of California-San Francisco,463.99,7.67
MOUNT SAN JACINTO,Santa Barbara,194.81,3.04
MOUNT SAN JACINTO,Santa Cruz,423.76,7.23
NAPA VALLEY,Berkeley,38.09,0.94
NAPA VALLEY,Davis,43.21,0.79
NAPA VALLEY,Irvine,443.37,6.98
NAPA VALLEY,Los Angeles,402.43,6.36
NAPA VALLEY,Merced,152.34,2.56
NAPA VALLEY,Riverside,453.07,7.19
NAPA VALLEY,San Diego,513.08,8.01
NAPA VALLEY,University of California-San Francisco,48.69,1.08
NAPA VALLEY,Santa Barbara,361.82,5.73
NAPA VALLEY,Santa Cruz,113.93,2.0
NORCO,Berkeley,422.29,6.78
NORCO,Davis,445.13,7.08
NORCO,Irvine,31.98,0.67
NORCO,Los Angeles,47.17,0.83
NORCO,Merced,326.34,5.26
NORCO,Riverside,19.59,0.49
NORCO,San Diego,94.69,1.46
NORCO,University of California-San Francisco,433.22,6.94
NORCO,Santa Barbara,156.25,2.49
NORCO,Santa Cruz,392.98,6.5
OHLONE,Berkeley,41.81,0.88
OHLONE,Davis,88.0,1.46
OHLONE,Irvine,397.05,6.28
OHLONE,Los Angeles,356.11,5.66
OHLONE,Merced,110.52,2.1
OHLONE,Riverside,406.75,6.5
OHLONE,San Diego,488.83,7.7
OHLONE,University of California-San Francisco,45.83,1.07
OHLONE,Santa Barbara,295.77,4.69
OHLONE,Santa Cruz,47.75,1.01
ORANGE COAST,Berkeley,414.3,6.66
ORANGE COAST,Davis,437.15,6.96
ORANGE COAST,Irvine,5.65,0.2
ORANGE COAST,Los Angeles,37.18,0.72
ORANGE COAST,Merced,318.35,5.13
ORANGE COAST,Riverside,48.21,1.23
ORANGE COAST,San Diego,75.36,1.18
ORANGE COAST,University of California-San Francisco,425.23,6.82
ORANGE COAST,Santa Barbara,142.85,2.34
ORANGE COAST,Santa Cruz,385.0,6.39
OXNARD,Berkeley,365.47,5.93
OXNARD,Davis,405.7,6.59
OXNARD,Irvine,104.18,1.87
OXNARD,Los Angeles,68.44,1.27
OXNARD,Merced,286.9,4.77
OXNARD,Riverside,119.27,2.17
OXNARD,San Diego,178.75,2.93
OXNARD,University of California-San Francisco,368.95,5.99
OXNARD,Santa Barbara,51.07,0.94
OXNARD,Santa Cruz,301.25,4.99
PALO VERDE,Berkeley,597.46,9.52
PALO VERDE,Davis,620.3,9.74
PALO VERDE,Irvine,214.83,3.54
PALO VERDE,Los Angeles,222.38,3.44
PALO VERDE,Merced,501.51,7.98
PALO VERDE,Riverside,170.6,2.75
PALO VERDE,San Diego,226.11,3.8
PALO VERDE,University of California-San Francisco,608.39,9.75
PALO VERDE,Santa Barbara,331.42,5.12
PALO VERDE,Santa Cruz,568.15,9.13
PALOMAR,Berkeley,469.8,7.5
PALOMAR,Davis,492.65,7.81
PALOMAR,Irvine,59.93,1.0
PALOMAR,Los Angeles,95.26,1.55
PALOMAR,Merced,373.85,6.0
PALOMAR,Riverside,66.55,1.29
PALOMAR,San Diego,32.73,0.61
PALOMAR,University of California-San Francisco,480.73,7.67
PALOMAR,Santa Barbara,201.36,3.19
PALOMAR,Santa Cruz,440.5,7.23
PASADENA CITY,Berkeley,376.42,6.08
PASADENA CITY,Davis,399.26,6.38
PASADENA CITY,Irvine,56.03,1.01
PASADENA CITY,Los Angeles,8.09,0.38
PASADENA CITY,Merced,280.47,4.57
PASADENA CITY,Riverside,52.78,1.23
PASADENA CITY,San Diego,122.0,1.97
PASADENA CITY,University of California-San Francisco,387.35,6.25
PASADENA CITY,Santa Barbara,110.38,1.81
PASADENA CITY,Santa Cruz,347.11,5.8
PORTERVILLE,Berkeley,260.68,4.29
PORTERVILLE,Davis,255.25,4.1
PORTERVILLE,Irvine,203.82,3.33
PORTERVILLE,Los Angeles,162.87,2.71
PORTERVILLE,Merced,133.18,2.22
PORTERVILLE,Riverside,213.51,3.56
PORTERVILLE,San Diego,295.59,4.69
PORTERVILLE,University of California-San Francisco,271.61,4.45
PORTERVILLE,Santa Barbara,204.23,3.4
PORTERVILLE,Santa Cruz,231.51,4.03
REEDLEY,Berkeley,205.4,3.55
REEDLEY,Davis,228.25,3.85
REEDLEY,Irvine,249.49,4.09
REEDLEY,Los Angeles,208.55,3.47
REEDLEY,Merced,82.82,1.45
REEDLEY,Riverside,259.19,4.3
REEDLEY,San Diego,341.27,5.48
REEDLEY,University of California-San Francisco,216.33,3.71
REEDLEY,Santa Barbara,243.39,4.12
REEDLEY,Santa Cruz,181.15,3.27
RIO HONDO,Berkeley,388.42,6.27
RIO HONDO,Davis,411.26,6.58
RIO HONDO,Irvine,37.75,0.68
RIO HONDO,Los Angeles,12.34,0.32
RIO HONDO,Merced,292.47,4.76
RIO HONDO,Riverside,44.88,1.02
RIO HONDO,San Diego,103.72,1.65
RIO HONDO,University of California-San Francisco,399.35,6.44
RIO HONDO,Santa Barbara,119.97,2.05
RIO HONDO,Santa Cruz,359.11,5.98
RIVERSIDE CITY,Berkeley,427.53,6.96
RIVERSIDE CITY,Davis,450.38,7.26
RIVERSIDE CITY,Irvine,42.08,0.82
RIVERSIDE CITY,Los Angeles,52.42,1.01
RIVERSIDE CITY,Merced,331.58,5.43
RIVERSIDE CITY,Riverside,4.37,0.24
RIVERSIDE CITY,San Diego,94.44,1.57
RIVERSIDE CITY,University of California-San Francisco,438.46,7.12
RIVERSIDE CITY,Santa Barbara,161.49,2.66
RIVERSIDE CITY,Santa Cruz,398.23,6.69
SACRAMENTO CITY,Berkeley,81.71,1.51
SACRAMENTO CITY,Davis,17.46,0.39
SACRAMENTO CITY,Irvine,426.81,6.64
SACRAMENTO CITY,Los Angeles,385.87,6.01
SACRAMENTO CITY,Merced,116.09,1.97
SACRAMENTO CITY,Riverside,436.51,6.85
SACRAMENTO CITY,San Diego,518.59,8.03
SACRAMENTO CITY,University of California-San Francisco,92.32,1.64
SACRAMENTO CITY,Santa Barbara,389.33,6.22
SACRAMENTO CITY,Santa Cruz,151.71,2.55
SADDLEBACK,Berkeley,424.92,6.83
SADDLEBACK,Davis,447.76,7.13
SADDLEBACK,Irvine,15.39,0.41
SADDLEBACK,Los Angeles,50.37,0.9
SADDLEBACK,Merced,328.97,5.3
SADDLEBACK,Riverside,52.94,1.07
SADDLEBACK,San Diego,58.69,0.95
SADDLEBACK,University of California-San Francisco,435.85,6.99
SADDLEBACK,Santa Barbara,156.47,2.57
SADDLEBACK,Santa Cruz,395.61,6.56
SAN BERNARDINO VALLEY,Berkeley,427.82,6.82
SAN BERNARDINO VALLEY,Davis,450.67,7.12
SAN BERNARDINO VALLEY,Irvine,51.47,0.97
SAN BERNARDINO VALLEY,Los Angeles,52.41,0.86
SAN BERNARDINO VALLEY,Merced,331.87,5.29
SAN BERNARDINO VALLEY,Riverside,9.89,0.39
SAN BERNARDINO VALLEY,San Diego,114.06,1.76
SAN BERNARDINO VALLEY,University of California-San Francisco,438.75,6.98
SAN BERNARDINO VALLEY,Santa Barbara,161.78,2.53
SAN BERNARDINO VALLEY,Santa Cruz,398.52,6.55
SAN DIEGO CITY,Berkeley,494.45,7.81
SAN DIEGO CITY,Davis,517.3,8.13
SAN DIEGO CITY,Irvine,84.58,1.32
SAN DIEGO CITY,Los Angeles,119.91,1.87
SAN DIEGO CITY,Merced,398.51,6.34
SAN DIEGO CITY,Riverside,95.88,1.69
SAN DIEGO CITY,San Diego,14.5,0.3
SAN DIEGO CITY,University of California-San Francisco,505.39,7.97
SAN DIEGO CITY,Santa Barbara,226.01,3.5
SAN DIEGO CITY,Santa Cruz,465.15,7.53
SAN DIEGO MESA,Berkeley,487.9,7.8
SAN DIEGO MESA,Davis,510.74,8.11
SAN DIEGO MESA,Irvine,78.03,1.3
SAN DIEGO MESA,Los Angeles,113.35,1.85
SAN DIEGO MESA,Merced,391.95,6.32
SAN DIEGO MESA,Riverside,92.73,1.64
SAN DIEGO MESA,San Diego,11.22,0.34
SAN DIEGO MESA,University of California-San Francisco,498.83,7.96
SAN DIEGO MESA,Santa Barbara,219.45,3.48
SAN DIEGO MESA,Santa Cruz,458.59,7.51
SAN DIEGO MIRAMAR,Berkeley,487.19,7.81
SAN DIEGO MIRAMAR,Davis,510.04,8.12
SAN DIEGO MIRAMAR,Irvine,77.32,1.32
SAN DIEGO MIRAMAR,Los Angeles,112.65,1.86
SAN DIEGO MIRAMAR,Merced,391.24,6.34
SAN DIEGO MIRAMAR,Riverside,82.59,1.46
SAN DIEGO MIRAMAR,San Diego,8.69,0.37
SAN DIEGO MIRAMAR,University of California-San Francisco,498.12,7.97
SAN DIEGO MIRAMAR,Santa Barbara,218.75,3.5
SAN DIEGO MIRAMAR,Santa Cruz,457.89,7.52
SAN JOAQUIN DELTA,Berkeley,78.16,1.46
SAN JOAQUIN DELTA,Davis,58.44,1.03
SAN JOAQUIN DELTA,Irvine,385.55,6.02
SAN JOAQUIN DELTA,Los Angeles,344.61,5.4
SAN JOAQUIN DELTA,Merced,79.44,1.47
SAN JOAQUIN DELTA,Riverside,395.25,6.23
SAN JOAQUIN DELTA,San Diego,477.33,7.46
SAN JOAQUIN DELTA,University of California-San Francisco,89.09,1.65
SAN JOAQUIN DELTA,Santa Barbara,348.08,5.59
SAN JOAQUIN DELTA,Santa Cruz,108.77,2.02
SAN JOSE CITY,Berkeley,50.87,1.02
SAN JOSE CITY,Davis,107.31,1.72
SAN JOSE CITY,Irvine,386.17,6.06
SAN JOSE CITY,Los Angeles,345.22,5.44
SAN JOSE CITY,Merced,125.33,2.26
SAN JOSE CITY,Riverside,395.86,6.27
SAN JOSE CITY,San Diego,477.94,7.49
SAN JOSE CITY,University of California-San Francisco,50.21,0.95
SAN JOSE CITY,Santa Barbara,284.88,4.46
SAN JOSE CITY,Santa Cruz,32.37,0.71
SANTA ANA BEAUTY,Berkeley,405.77,6.54
SANTA ANA BEAUTY,Davis,428.61,6.84
SANTA ANA BEAUTY,Irvine,13.62,0.36
SANTA ANA BEAUTY,Los Angeles,31.22,0.62
SANTA ANA BEAUTY,Merced,309.82,5.02
SANTA ANA BEAUTY,Riverside,43.89,1.22
SANTA ANA BEAUTY,San Diego,79.18,1.28
SANTA ANA BEAUTY,University of California-San Francisco,416.7,6.7
SANTA ANA BEAUTY,Santa Barbara,137.32,2.3
SANTA ANA BEAUTY,Santa Cruz,376.46,6.26
SANTA ANA,Berkeley,405.77,6.54
SANTA ANA,Davis,428.61,6.84
SANTA ANA,Irvine,13.62,0.36
SANTA ANA,Los Angeles,31.22,0.62
SANTA ANA,Merced,309.82,5.02
SANTA ANA,Riverside,43.89,1.22
SANTA ANA,San Diego,79.18,1.28
SANTA ANA,University of California-San Francisco,416.7,6.7
SANTA ANA,Santa Barbara,137.32,2.3
SANTA ANA,Santa Cruz,376.46,6.26
SANTA BARBARA CITY,Berkeley,325.3,5.25
SANTA BARBARA CITY,Davis,378.66,5.97
SANTA BARBARA CITY,Irvine,137.21,2.25
SANTA BARBARA CITY,Los Angeles,101.48,1.67
SANTA BARBARA CITY,Merced,291.14,4.87
SANTA BARBARA CITY,Riverside,152.31,2.59
SANTA BARBARA CITY,San Diego,210.64,3.3
SANTA BARBARA CITY,University of California-San Francisco,328.77,5.28
SANTA BARBARA CITY,Santa Barbara,10.89,0.26
SANTA BARBARA CITY,Santa Cruz,261.07,4.31
SANTA MONICA,Berkeley,372.71,6.11
SANTA MONICA,Davis,395.56,6.41
SANTA MONICA,Irvine,51.01,1.28
SANTA MONICA,Los Angeles,20.35,0.71
SANTA MONICA,Merced,276.76,4.59
SANTA MONICA,Riverside,70.84,1.64
SANTA MONICA,San Diego,124.43,2.35
SANTA MONICA,University of California-San Francisco,383.65,6.28
SANTA MONICA,Santa Barbara,101.26,1.8
SANTA MONICA,Santa Cruz,343.41,5.81
SANTA ROSA JUNIOR,Berkeley,58.08,1.18
SANTA ROSA JUNIOR,Davis,84.7,1.52
SANTA ROSA JUNIOR,Irvine,474.28,7.47
SANTA ROSA JUNIOR,Los Angeles,433.33,6.85
SANTA ROSA JUNIOR,Merced,183.24,3.01
SANTA ROSA JUNIOR,Riverside,483.97,7.67
SANTA ROSA JUNIOR,San Diego,606.52,9.62
SANTA ROSA JUNIOR,University of California-San Francisco,56.08,1.08
SANTA ROSA JUNIOR,Santa Barbara,382.3,6.1
SANTA ROSA JUNIOR,Santa Cruz,133.57,2.3
SANTIAGO CANYON,Berkeley,410.77,6.67
SANTIAGO CANYON,Davis,433.62,6.96
SANTIAGO CANYON,Irvine,13.38,0.39
SANTIAGO CANYON,Los Angeles,36.23,0.74
SANTIAGO CANYON,Merced,314.82,5.14
SANTIAGO CANYON,Riverside,34.15,0.88
SANTIAGO CANYON,San Diego,78.72,1.23
SANTIAGO CANYON,University of California-San Francisco,421.7,6.83
SANTIAGO CANYON,Santa Barbara,142.33,2.41
SANTIAGO CANYON,Santa Cruz,381.47,6.39
SHASTA,Berkeley,206.71,3.37
SHASTA,Davis,153.98,2.47
SHASTA,Irvine,587.13,9.13
SHASTA,Los Angeles,546.19,8.54
SHASTA,Merced,278.04,4.49
SHASTA,Riverside,596.83,9.35
SHASTA,San Diego,660.28,10.31
SHASTA,University of California-San Francisco,217.31,3.48
SHASTA,Santa Barbara,524.6,8.14
SHASTA,Santa Cruz,276.7,4.42
SIERRA,Berkeley,100.99,1.8
SIERRA,Davis,36.74,0.67
SIERRA,Irvine,453.44,7.09
SIERRA,Los Angeles,412.49,6.47
SIERRA,Merced,138.28,2.31
SIERRA,Riverside,463.13,7.29
SIERRA,San Diego,523.15,8.12
SIERRA,University of California-San Francisco,111.6,1.92
SIERRA,Santa Barbara,418.88,6.54
SIERRA,Santa Cruz,170.99,2.83
SKYLINE,Berkeley,27.31,0.78
SKYLINE,Davis,85.42,1.54
SKYLINE,Irvine,425.59,6.73
SKYLINE,Los Angeles,384.65,6.1
SKYLINE,Merced,143.61,2.51
SKYLINE,Riverside,435.29,6.94
SKYLINE,San Diego,517.37,8.11
SKYLINE,University of California-San Francisco,11.23,0.43
SKYLINE,Santa Barbara,324.31,5.14
SKYLINE,Santa Cruz,68.28,1.28
SOLANO,Berkeley,35.42,0.84
SOLANO,Davis,31.79,0.61
SOLANO,Irvine,435.34,6.89
SOLANO,Los Angeles,394.4,6.26
SOLANO,Merced,131.87,2.5
SOLANO,Riverside,445.04,7.11
SOLANO,San Diego,527.12,8.26
SOLANO,University of California-San Francisco,46.02,0.98
SOLANO,Santa Barbara,353.79,5.62
SOLANO,Santa Cruz,105.9,1.89
SOUTHWESTERN,Berkeley,503.84,8.0
SOUTHWESTERN,Davis,526.68,8.33
SOUTHWESTERN,Irvine,93.97,1.55
SOUTHWESTERN,Los Angeles,129.3,2.1
SOUTHWESTERN,Merced,407.89,6.56
SOUTHWESTERN,Riverside,104.99,1.82
SOUTHWESTERN,San Diego,27.16,0.58
SOUTHWESTERN,University of California-San Francisco,514.77,8.17
SOUTHWESTERN,Santa Barbara,235.39,3.73
SOUTHWESTERN,Santa Cruz,474.53,7.73
TAFT,Berkeley,269.42,4.38
TAFT,Davis,292.27,4.66
TAFT,Irvine,163.36,2.76
TAFT,Los Angeles,122.42,2.1
TAFT,Merced,183.71,3.12
TAFT,Riverside,173.06,2.97
TAFT,San Diego,226.7,3.63
TAFT,University of California-San Francisco,280.36,4.54
TAFT,Santa Barbara,119.21,2.57
TAFT,Santa Cruz,240.12,4.07
VENTURA,Berkeley,357.08,5.74
VENTURA,Davis,400.99,6.37
VENTURA,Irvine,107.6,1.89
VENTURA,Los Angeles,71.86,1.29
VENTURA,Merced,282.19,4.55
VENTURA,Riverside,122.69,2.21
VENTURA,San Diego,182.17,2.95
VENTURA,University of California-San Francisco,360.56,5.78
VENTURA,Santa Barbara,42.68,0.75
VENTURA,Santa Cruz,292.85,4.79
VICTOR VALLEY,Berkeley,416.81,6.87
VICTOR VALLEY,Davis,439.65,7.16
VICTOR VALLEY,Irvine,83.13,1.47
VICTOR VALLEY,Los Angeles,79.01,1.33
VICTOR VALLEY,Merced,309.11,5.1
VICTOR VALLEY,Riverside,59.39,1.25
VICTOR VALLEY,San Diego,145.84,2.27
VICTOR VALLEY,University of California-San Francisco,427.74,7.02
VICTOR VALLEY,Santa Barbara,181.81,2.89
VICTOR VALLEY,Santa Cruz,387.5,6.6
WEST LOS ANGELES,Berkeley,375.36,6.16
WEST LOS ANGELES,Davis,398.21,6.46
WEST LOS ANGELES,Irvine,46.39,1.1
WEST LOS ANGELES,Los Angeles,16.53,0.57
WEST LOS ANGELES,Merced,279.41,4.64
WEST LOS ANGELES,Riverside,67.03,1.53
WEST LOS ANGELES,San Diego,116.1,2.08
WEST LOS ANGELES,University of California-San Francisco,386.29,6.32
WEST LOS ANGELES,Santa Barbara,103.91,1.85
WEST LOS ANGELES,Santa Cruz,346.06,5.86
WEST VALLEY,Berkeley,59.45,1.17
WEST VALLEY,Davis,113.72,1.88
WEST VALLEY,Irvine,388.56,6.12
WEST VALLEY,Los Angeles,347.62,5.5
WEST VALLEY,Merced,127.72,2.31
WEST VALLEY,Riverside,398.26,6.33
WEST VALLEY,San Diego,480.34,7.54
WEST VALLEY,University of California-San Francisco,48.79,0.95
WEST VALLEY,Santa Barbara,287.28,4.52
WEST VALLEY,Santa Cruz,28.27,0.7
WOODLAND,Berkeley,74.38,1.43
WOODLAND,Davis,13.44,0.36
WOODLAND,Irvine,446.48,7.01
WOODLAND,Los Angeles,405.54,6.39
WOODLAND,Merced,137.39,2.34
WOODLAND,Riverside,456.18,7.22
WOODLAND,San Diego,516.19,8.02
WOODLAND,University of California-San Francisco,84.99,1.55
WOODLAND,Santa Barbara,392.27,6.18
WOODLAND,Santa Cruz,144.38,2.45
YUBA,Berkeley,116.94,2.05
YUBA,Davis,52.69,0.93
YUBA,Irvine,469.34,7.35
YUBA,Los Angeles,428.39,6.74
YUBA,Merced,160.25,2.65
YUBA,Riverside,479.03,7.55
YUBA,San Diego,539.05,8.38
YUBA,University of California-San Francisco,127.55,2.17
YUBA,Santa Barbara,434.83,6.78
YUBA,Santa Cruz,186.94,3.08
